emosi,teks
antisipasi,"Mau k trda ni, kalo ngana mau kita kase pa ngana"
antisipasi,"pokoknya #DirumahAja, jang bikin gerakan tambahan kong pigi bajalang bawa"" panyake"
antisipasi,"Tapi ini ni bgemana ni? Yg bwa di grub ini tanggung jawab dan diperjelas dulu, jang asal bacarita tra faedah"
antisipasi,"iyo ni, kita me so bingung deng keadaan model bagini, kalau tra suka deng torang tu basuara kamuka.."
antisipasi,"Trppa sob asal jang makan hati sa, kage lagi so tra baku sadap"
antisipasi,jng maso jng dp lempar dg kursi
antisipasi,Ok.tema pembahasan so di ganti. Saya undur diri assalamualaikum.
antisipasi,"kalao suda, kta so tra mau gabung deng anana model bagitu..akang kita bagitu lgi"
antisipasi,ngoni bilang di dia beso nga kse bangon dya dulu..talalu rame
antisipasi,Smoga tong tr bku tlpn smpe suru org rmh kse bngun e
antisipasi,Iki blm Kase ubah ubah karena kemungkinan pak Mubarak masih pake
antisipasi,"Iyo.. Buat ngana trda.. Masing"" Pegang 1..supaya nanti tangani masing"" Komputer."
antisipasi,pling bgus kalau tong ada kenalan di bandung k atau malang k supya minta bntu dong cari di toko olahraga
antisipasi,kalau ana pe saran si jam 4 tu tong pi cari jas dh
antisipasi,Dan ngana musti pastikan.. Orang orang mana yg patut untuk di mintai data tsb
antisipasi,Deng dibatalkan masalah itu ngana cuman ambil sample di teknik informatika... Jang nga ambil keseluruhan...jadi cukup dosen deng beberapa mahasiswa t. Info sj yg nanti di minta kuisioner
antisipasi,"Jadi nanti ngana musti minta tolong dosen untuk lihat virtual class dari user dosen...baru ngana SS dia pe gambar..deng minta di user mahasiswa juga... Bru ngana SS dia pe bagian""..."
antisipasi,Bae bae deng ngana pe tujuan penelitian e.. Penjelasan musti kuat bahwa penelitian ini menganalisa sitstem yg telah ada bukan.. Membuat sistem bru.. Kage lgi.. Dapa suruh buat sistem baru.. Ana tra bisa bantu klo itu
antisipasi,Deng jangan tambah kata pembuatan aplikasi di bab 1...itu pernyataan yg rawan
antisipasi,Yaelahhh... Tes sekarang dlu lah.. Di rumah..
antisipasi,"ana so di kmpus tdi cuma ana ada bale di rumh rabu2, antisipasi jang sampe ada yang tatinggal"
antisipasi,Nga musti keluar baru dong tenang
antisipasi,"Nhana pulang.. Hujan besar, satu kali bw bawa kita pe jaket, antisipasi jang basah kuyup"
antisipasi,sans tenang nnti bali coba tes cek dia shopi harga brpa tu dia
antisipasi,Bolehh tu.. Yg penting jang mengganggu doi baju... Nti ana cari lagi samsat yg murah
antisipasi,Adik.. Nti ana deng ana pe om dah.. Barang antua mau antar kong
antisipasi,Ana saran lebe bae beli di giga da
antisipasi,Iyoo.. Mksdnya kan ana bilang klo bisa.. Tra paksa juga e...
antisipasi,Bw rumkit sj lah.. Jang tambah parah lgi...
antisipasi,Jdi keknya nga musti dtng menghadap dosen PA
antisipasi,"Kalau boleh tuh bikin sertifikat, kan banyak tu yg cari apalagi yg mungkin nanti dong mau tes polisi atau kemenkumham... Coba  torang bilang di mereka kalau mau sertifikat bayar barang 50.rb bgtu kah"
antisipasi,"Coba basuara di afni nanti, sampaikan ke sp mus.. Spa tau Sp. Mus mau"
antisipasi,mkstnya gini dari mesin dari tambang juga dtng bru berteptan dg dong kerja bakti jadi ana kurang enak saja
antisipasi,"Tra jadi masalah, ini kan mata kuliah, bukan latihan biasa... Dong juga pasti mngerti... Dan torang kan tra pake lapangan.. Tong pake ruangan yg sementara renovasi...tra mungkin dong bersih bersih di ruangan renovasi juga kan..."
antisipasi,klau kk blm bisa nnti tong hendel soalnya kk juga ad mngajar tu anjai dosen
antisipasi,untuk semntra tong pertemuan pertma di ukm dulu dh soalnya so kas info lgi
antisipasi,Yo atur dah.. Ana cuman khawatir deng Sp mus sj.. Jang sampe antua tau..
antisipasi,"Iyoo, nanti bikin modul deng sertifikat jang bilang antua"
antisipasi,"Sebelum akhir September nae, oktober/November hasil, Desember/Januari tutup..."
antisipasi,Yg penting ngana so selesai kan proposal dlu..
antisipasi,Bagusnya absen nama deng NPM.. Supaya tong bisa liat mana yg kontrak kempo dari dong pe nama deng NPM
antisipasi,Makanya pelatih bilang bgini.. Pakai cara lama tra
antisipasi,Makanya ana bilang bgini ke antua
antisipasi,io la ana yg jadi pembina dh
antisipasi,ayo teman2 sekalian marilah kita sama2 mengkudeta beliau yang ada di ngade sana
antisipasi,kg kira2 dia pe desain so ada?
antisipasi,Yg penting jang sampe 20 kg
antisipasi,Demi keselamatan keting
antisipasi,Klo melamar dstu trdpa cba srh nga kk mlmr di jkt lgsg
antisipasi,Kg mending bkg sma” lah mingdep tggl asstnsi sja
antisipasi,Klu yg lain blm mau nnti bkg minuman sja spya jng terlalu berat yg semampu torang sja
antisipasi,Nnti yg tra bisa bntu masak tra apa yg penting ngni sumbang uang sja insyaAllah tng buat jumat ini di risma pe rumah
antisipasi,"Cnth ng p jdl tntg jaringan, cari jurnal yg sesuai dg nga p jdl itu, klo trdpa cri yg plg mndkti dg nga jdl. Abis smpn dpe jurnal bru krm di pak lwt email"
antisipasi,Lebih baik waspadaiii jang smpee tong btuh d hari h tong kegiaaatan laeng soo kurang
antisipasi,Jng Ng singung dlu sihhh jng smpe pembicaraan lbih serius kng Ng hati tmbh sakit
antisipasi,"Jngn ambe ksimpulan dngn keadaan hati yg msi sakit, tenangkan hati dlu Bru pikir ulng"
antisipasi,pkknya jng kse slamat tnggu nnti kse sprais bru kse slamattt
gembira,Nnti bru tng mkang dng ngopi bru turun di ngana pe rumah
gembira,"We sabantar malam tu, ngo pi di antua pe rumah tra? barang antua pe ajus ada bali kui"
gembira,"malam baru torang gas pi tapak mari... ngo mau tra? kita traktir, hehehe"
gembira,"kita dapa doi 18 jt td sob... orang tua kirim for nikah...wkwkw, nanti kita undang nga deng ngoni samua"
gembira,"Alhamdulillah grup rame lgi, kyknya tong musti bacarita tra masok akal bru grup hidup e...heheheh"
gembira,"Kalo pemerintahan kase tunjangan hidup selama #dirumahaja itu langsung syedap wkwkwk, tra kerja tapi popoji aman.."
gembira,"Ta tim edit typo da, ngo bacarita sa..wkwkw"
gembira,"aduh ampong calon imam ni, akang kita pe hidup bahagia dunia akhirat..hehhehe"
gembira,"cocoook syg satu dlu, hahahe"
gembira,"Nah itu tu.ayo tong bahas,..menarik ans"
gembira,"Hahaha. ""Ana so kering dorang baru  basiram"", mo tetawa me tako dosa..hehehehe"
gembira,"kita so baputih ni, nga tra lia, kita so tamba manis toh? wkwk"
gembira,"Fix kyknya libur di perpanjang, nae gamalama mari...atau pi pante kaa"
gembira,Auto lulus dengan predikat cumlaude samua koong
gembira,Garap skli ee
gembira,Ternyata ngoni ada pernah bafoto topless e
gembira,Yg di muka sbla kiri tu pele putus malintang pata
gembira,yg tengah nice skalii
gembira,yg pake topi me dapa lagi
gembira," Petisi mna tu, mari tng ttd wkwk"
gembira,Ala muka paling lucu i
gembira,Paling lucu di kita p blkng tu
gembira,Ece kita kira kembar tu
gembira,"Yg kaos dlam msih lucu2, mau cubit sadiki"
gembira,Sygg ngoni smpe angktan
gembira,put kase bangun dari sholat subuh mau?
gembira,Yg dong jaga bking2 tu
gembira,cantik ans
gembira,We ini garap Skali
gembira,We hahhaaaa gaya alay Skali
gembira,aid pe video asli muka garap skaliii sio ee
gembira,"Hahhaa auto nnton trus2, lia satu2 p ekspresi"
gembira,kita cuma tatawaaa HAHAHAHAHA
gembira,Hahahahaaaeee we bole da kita ttwa dari tdi
gembira,Hahahaha we ng jual p dia dh
gembira,dengar dia kata su lulus kuliah kita iko sanang ee..
gembira,wah gaga uang ukm bnya
gembira,okey kk hati2 kk sampai jumpa kembli
gembira,Masyaallah mabo habibi
gembira,Masyaallah tabarakallah ukhti
gembira,"Wah"" so lmpu ijo pelaminan kyknya nih"
gembira,mmg habibi debes
gembira,Aamiin ya Allah terima kasih banyak niswahku doa yang baik untuk orang baik juga
gembira,Alhamdulillah klo bgtu
gembira,kikaakuuu terimakasih yaa
gembira,garap skli
gembira,Alhamdulillah yah rezeki anak sholeh
gembira,Muka bhgia tggu mknn
gembira,Ini ulg grp skli lia ama p dlm muka
gembira,Ih grp skli tdi klo ngo maso live
gembira,ta nih smpe skrg ngakak dg ngana nga suru ketum plg tuh
gembira,we tpi td mlm kt mimpi grp skli
gembira,Graaap
gembira,maaf weh tpi kt ngakak lia nga mngss maaf
gembira,haya full ttwa
gembira,Nga tnya t kuliah smpe smo lls t grp sklii
gembira,Terima kasih rifqah syg
gembira,"MashaAllah amiin, syukran jazilaan abi dan umi"
gembira,"Sama2 rifqah sayang. Doa yg sama jg untuk Rifqah, zida, mama dan syafiqah, aamiin "
gembira,Alhamdulillah syukran umi
gembira,Okay aba terima kasih banyak
gembira,"Okay aba tidak apa"" terima kasih banyak"
gembira,Sma2 Kaka sayang
gembira,Ta ngakak
gembira,Ngn p emot bkpa grp skli
gembira,"Hahahaha cman kmng png tmng"" sja k apa"
gembira,Hahahah maaf
gembira,Ahahahha
gembira,Ahh lucuuuw
gembira,makasii ade ay
gembira,ngakak gass ade ay jng mundurr
jijik,"Cee nga pigi daa, muka model ngana ni kita tangka lap.."
jijik,"Eh jg dlu, kong pembahasan terkait dengn mulu yang babisul tu bagemana dah?"
jijik,"nga cafarune sampe, makang model deng tusa ni...cis badaki!!!"
jijik,Jng biking Malu
jijik,Kage gai foll
jijik,wets biking malu itu
jijik,ngoni golojo sampe orang lain me ngoni sutra pikir
jijik,Ciss tulkun ngana da dong suka yng ba otot
jijik,ii kt rsa munta
jijik,Cis tongka kaki bru pegang roko skip
jijik,Cise ambisi pling suci ni
jijik,Cis
jijik,ihh ciss
marah,"Jang share"" e bikin emosi, jang kita kata dalam muka tu.."
marah,"trd yg btl dua ini ni kecuali rakyat yg sadar ky trg sja, dong kan rakyat yang mo bilang ada otak me tarada"
marah,kiapa kong ngoni bacarita orang macam bagitu? ngo tra suka deng dia tu bacarita dimuka
marah,"Pancing lagi, jang kita kata pa ngoni dalam muka tu"
marah,Kita Biking Dia Mnyasal boss
marah,"We su bwa ortu e, bikiapa? ngoni tra senang?"
marah,jng nga hps la nga dapa slaber dg kt
marah,orng suru bikin video kooong
marah,Kg ngo tra sanang
marah,"Cis, tra ajak ajak"
marah,"Humm sabarang tarus, ana sambayang bos"
marah,Pandang enteng brg trus ul
marah,"kita masi Bae Deng bilang Bae"""
marah,Dia kira setting mikrotik bisa pake HP kapaa
marah,Bukan tamang baku bawa di telkom
marah,ceh..tra panggil baru
marah,Iyo Kapala angin skali ee
marah,cis badaki! bikin tugas tra pangge kita
marah,ngana to tra hargai sekali orang ee 
marah,ada puasa ni kong bicara orang sampe
marah,ngna bikin diri sampe tunjung muka kmri!!
marah,ngana tra butul sakali sujanji baru!
marah,ngana belum kita pukul! jaga tu bicara
marah,ngna serius kah orang cerita baru main hp tu!
marah,ngoni bisa badiam kh trda? baribut sampe
marah,itu musi tumbu dlm muka
marah,terahir smpe dapa kas slah lagi fikx ana kluar dri grup
marah,Hii.. Model begini ni.. Cancel eee...
marah,"Huh.. Sebenarnya ana ni ingin bantu.. Cuman selama ana tra masuk di dalam group tu, jang harap ana turun tangan"
marah,ce tra usa turun tngn kas biar dh ana me so tra mau turun tngan
marah,Bgtu kong tra panas tu berarti so talalu..
marah,ait kayanya emosi brng ana bls dia pe chat di grup
marah,ait emos gara2 dia suru bdiam di grup cuma ana
marah,mau dia senior 14 k 13 k trda urusan
marah,ana itu dia pe muka pandang enteng lgi
marah,Ouh pantas.. 17 sekrang so bikin diri samua.. So senior skli toh
marah,So tra mampo deng group e
marah,"Dia bilang jaga etika sadiki, jang kita banting"" Ngana di sekret"
marah,cari nama asli hri minggu aniyaya
marah,Absensi kita yg pegang.. Jadi jang sambarang
marah,Ana yg emosi.. Tanya bae bae kesana kong...bikin kase bingung lgi...
marah,tong kbawa kudeta antua mare
marah,ana so pe jiwa busido mau keluar ni
marah,Musti bunuh harimau dulu baru bisa di anggap jiwa Bushido
marah,berti beliau sana tu harimau ee
marah,Read saja ngaa
marah,Ih bkp ni ada hal apa
marah,Ada hal apa ngn pi dgr drg sna
marah,Iyo mo dapa lap
marah,"Ta riki"" mo semprot sudaa"
marah,Baku pukul mrii
marah,Mmg trjls bcra dg ana stu nih
marah,aplgi ng ni org mnt tlg smua ng ksi iko
marah,"mknyaaa bkg batasan jng tlalu lgi ambisi kek dewa"" ni kse tinggal kbwa ce tutup mata kbwa"
marah,"Lahh kg bkp nga mo msoso bntu p didin? Ngn suka didin kg? Jng tlalu bbntu bgtu mabo tlma dong sna ngelunjak tlma dong ba injang"" ngn"
marah,ciseee klo dg kt dia trmau
marah,Gila mmg
marah,mau instan smpe
marah,meee kse mute kbwa ce
marah,Foya sklii
marah,Bisa”nya ii k sat nih
marah,ribet dasarr bkg stress sj
marah,iyoo ribet skli makanyaa
marah,sinting tuh
marah,Iyo takancing tra ta p stres
marah,Trlm tg bk bnu lain
marah,Ng bkp bgt e
marah,Lncg i
marah,sdh setang
marah,Rfka klsg in k
marah,Tllu ee
marah,suru bdiam
marah,setang ambe rfqa tu
marah,Ta s brsbr bku tggu
marah,iyonga
marah,makang doi haram smua mo
marah,puasa bodok
marah,"tra bisa la sama"" kg musti beda"""
marah,foya sama sj
marah,ta so kesal skli dg ta p hidup
marah,"nga tamba"" lgi"
marah,Merasa?
marah,Rfqh sensi beuddd
marah,"Kl mau lgsg blg trush snggng"" mmg mrs stg"
marah,Mksd strss
marah,S pstiu dgr dia nm
marah,Trd yg garap
marah,tausa pigi da su mo lebaran cok jang cri bodito
marah,S read t dg kl bls k
marah,Org tny kg mdl dg
marah,trmau
marah,Stop kta muak
marah,Jng b pksa
marah,Orng tr mau tu tausa dh jng paksa
marah,pe pandang enteng
marah,kse ptus smua d
marah,ihh pi la tangka plg sana
marah,ihh urusan
marah,sinting tuh
marah,Ta injang dia
marah,Ta ada suru ta kk bli ayam me blm plg” e kt emosi
marah,Haaa kurang ajar
marah,Me todo orang sibukk kong
marah,Iiiiiii kg bolh tuh
marah,tuturusss ngn ee
marah,Gatal i ada cwe kg
marah,Pi pke bikini la dpa laknat
marah,"Anaaa kurang ajarrr"" Kaseee barmaeng"" Sosis"
marah,ngn nih ii stress k bgmn nih dia
marah,blh sdh rfqaa jg tllu bnyk bljr lg trlm gila ni ng tr bosan tuh
marah,Badiamm jang ta tabantingg
marah,crnya bgmna setangg tlg ajarrr
marah,iyo ngn tr peka ee
marah,Jg nga pura” trlia wa
marah,whyu ee krs bls chat
marah,Eh sama sa binatang
marah,memang dpa lia sundal ancorr
marah,Buka tuh wa ee
marah,Alay smpee
marah,Jdi jg cba”
marah,Tg dua bku bntg bbtl
marah,Tggu ta ksna lah bntg” p ngn
marah,Ana ini mgkli gila kpaa
marah,Ana in kmri tg dua bakalae
marah,Mrii bsk tg dua bku bntgg
marah,Bsa bsanyaaa ana in
marah,Dahlahh
marah,beda kongg
marah,Bru ta bfeto di videoo
marah,me cht skrg tr unti
marah,Ta s brsbr bku tggu
marah,"Kt smpe karing""nih"
marah,lama ta kse tinggal
marah,Bukan mass
marah,Ngn mmg bahlul skli
marah,Lgkli cr ana klmpk bae” k mas
marah,Jg ksiang” org kg maeng kse mso d klmpk
marah,Biarda bkpa niiii
marah,Jang ta siram ngna
marah,"Nga so taiko"" rifqa ee bagus bagus"
marah,Ngn nih trmso”
marah,Iyo nga
marah,"Tg m emosi tmbh"" krj"
marah,Llh bpkr
marah,Aduh ambisi bhya
marah,Inanana ambisi
marah,tg smpe dsni sda tausa btmg
marah,Ta ad bkg tgs n jdi mending tg dua bku bntg sdh cpt
marah,Kt lebe stres dg ngn laso
marah,Ini stay room chat k bgmna nih dia
marah,ambisi blg tako kt sbuk deng
marah,tg tausa btmang sda klo bgtu
marah,bpkir smpe bgtu tu
marah,jdi nga p ekspetasi jng tlalu bsar laso
marah,ihhh kya dg tg org laeng kg tako sbuk deng
marah,jng ambisi laso
marah,Lupa kulit anj
marah,Jng tllu jaga tuh badan smpe tggl tulang
marah,mmg ana ini trjlss
marah,ryant nih tg smpe so tratau mo blg apaa
marah,Ngoni ni bcra sbrg bahaya
marah,"Jang bct kg ator cara la katakan cinta p eby kadiv sna, jang tlalu bacena jang org ambl kg ngana huk"
marah,Hayall kadiv so pulang meeee tetap mau ka Sana di yoyaaa
marah,"Smpe dlm 1 mnggu ini kg blom jadian ta kse tusu leher jarum suntik, jang tlu bku tarik ulur dg bku engke"
marah,Tg pusing
marah,ana ini lg
marah,Ampog ssa yg lain tg bku minta me trd yg klesang
marah,"jg ta banting"" nganaaa"
marah,itu ada soal kg dia trtulis tuh
marah,Ana doni lgi mngrti laeng
marah,Hehh tkg slgkh kg slak glau dg
marah,Lah urusan dong dua
marah,Macam ini
marah,Jng bgtu jng pksa klu dia tramau iko
marah,Baku bawa kng macam ini
marah,Mkny baca bae”
marah,Smpe bsk ada jugaa
marah,Cba inga” bsk kg tg dpa mrh gra” trbkg lg
marah,Kla bkbr d grp akt k
marah,Mdl stg n
marah,Didin setangg
marah,mcm dia sesatt ana in
marah,nga tra krim jang nga mkn gohu e
marah,Blng sky baca ta wa tu jng ta dpa dia tng bku tumbuk
marah,iiiiiissss kmri kaaaa
marah,"Ta laki"" sndiri niii"
marah,Soee
marah,Kg dari kmrin” ni tg gabung ka apaaa
marah,Jg kbr aer doni
marah,Uts kg hyl uas
marah,Trsrah sdh
marah,Iiiss lampu bru manyala kng jaringan bru muncul niii
marah,Ayu me ketik bae2 tra kg tong binggung bca ni
marah,"Iyo bkin tmbah"" beban pikiran sja ni"
marah,org p nama rifqah bukan rizqah
marah,sbrg ngn ni
marah,amppg iyo ee
marah,tg dpa kse nama arti bgs kg aniaya tuh nma smpe iannn
marah,Trlma bku pkl d
marah,iyoo bking diri sibuk
marah,Anj skli mk itu e bking kt pikiran
marah,Wis sombong
marah,iyoo ama setan
marah,Ade ini mmg uji kk p ksbrn
marah,angka pakean lahh pndah situ sdah rfqh
marah,kt me agak emosi dng jringan ni
marah,"hissss ng blng bgini seolah"" kt ni klo bjlang mlam ad yg cari sja ni"
marah,ngoni smua so trd yg mau dtg rapat pmbntukan pntia?
marah,mo lari dari tanggung jawab?
marah,sadar diri ksiang ini tg p tggng jwb
marah,Yg laeng nih tra bls ee
marah,Ceh cmn read tuh
marah,"Sudh traa usah angka sudh sampah nii, smpee besok pak rosihan mrh mee lebih bgus lgi, asal pak mrh pengurus samuaaa "
marah,emosi kt
marah,Ta trbku sedu
marah,Ta so blg kmrn di lab ta trsudi undg smua
marah,Hehhhh Mulu tu
marah,Sbrggg
marah,"jngn ngadi"" klean berdua ini, bkn cmn tg 2 dstu me itu ada yg fto atuh"
marah,jadian dong gimana sih
marah,Tg tnya ksna kgg
marah,Hrussss kt ksbaran stipis tisu ini lgi
marah,Haa kg cck sdh trd
marah,Cck sdh
marah,Pas dpa kse hdiah dluan
marah,Bgs sdh
marah,Mntp
marah,Nga tra bleh ambe ksimpulan bgitu juga
marah,Bpkr ulg” me sma sj
marah,Kg ta hrs ambe ksmpulan dri sisi mana?
marah,Hehh tdi so dpa kse coklat dg cwe tuh dg tr curiga
marah,"Mulai"" Mulu tu"
marah,Iya Ng di perlu di beri ceramah smpe 5 jam ni spya jng mementingkan ego
marah,"Klo Ng tra sadar"" lgi kt ruqiyah ngan"
marah,Ng trmau ksi suprise ta yg chat ka sat
marah,Batul
marah,Kt chat
marah,Chat apalgii
marah,Ta hati msh ske
marah,Tausah kse surprise
marah,Ta kse mti wifi smpe hri senin
marah,Kt me maraju d ipka smpe bulan muka
marah,Tra hrgai sa yg su ikut ko ttputar d gamalama
marah,Malas ah
marah,Larangan me trobos bru
marah,Pmls sekali
marah,Ng ni ka sat trsalah
marah,Dia yg salah
marah,Ksi salah ka sat
marah,Ana in to
marah,Mo bnting btul
marah,Trusah sdh
marah,Egois skli ngn
marah,Kt emosi
marah,Mksdnya dang
marah,Kse biar dia berbunga” so dpa kse hadiah prtma tuh
marah,Badiam?
marah,K saki bbdiam?
marah,Bisa ih bgtu
marah,Me ng mrju smpe s trmau ksi ucp dg ksi suprise dia tu s tllu ipka
marah,Wajar ng cmburu cmn trblh bgtu
marah,Masa s ad hdia yang di siapkan mmng kg ksi batal smua hnya ng mara krna dia itu
marah,Ehh kse biar ta so trmso” kmpss
marah,Smpe kubermas bru ta mso
marah,Hmm lia dia tu
marah,Me jg tllu ksi pkir
marah,Me brg in abs lgsg abs sd
marah,Ksi tngl jg tllu ba pkir
marah,Ba pkir tg lnjut ksi suprise bgian ipka dgn kaka sat
marah,Trda ricmaaa
marah,Tra kse surprise ta m tdr dlu
marah,Trcck e tdr fruk
marah,Nah toh
marah,Ana ini
marah,Siiiihla
marah,Jgnla trllu ba pkir
marah,Masa ng hrs brsaning dg dia
marah,Trd la
marah,Trpantas sekali
marah,Iyasd klu ng mra kt lgi k ap kg
marah,Iya tausah sdh ricmaa
marah,Trmo kse surprise
marah,Brrti tausah kse slmt dh ee
marah,heh sudasuda bertobatlah
marah,Tg mo off smpe senin
penyalahan,"Qt p ana ana kpa su kmuka, bikiapa, ngana tra suka? "
penyalahan,"kalo nga tra mau deng kita tu bilang, jang bicara tarbae di balakang model bagitu tu, tusa nii"
penyalahan,"Disini bukan forum debat kita cuman bilang saja, kalo mo karlota tu pi jao jao"
penyalahan,"Pemerintah talalu pandang enteng bilang indonesia tara akan dapa corona ini itulah tara ingat allah diatas tu begitu, akhirnya masuklah kagetkan"
penyalahan,"kalau tra mau dapa lia gaga tu basuara, jang sindir"" orang"
penyalahan,"korona ni, kalo dia manusia juga kita so tangka pukul pa dia"
penyalahan,"samua nga pe slh, asal share sja tr bisa tanggung jwb dg jelaskan hadoh"
penyalahan,"Ampong tong emosi juga di fb deng semua"" pemerintah salah mau"" jual lockdown ka barang fucek apa tu tara bisa la palang""seegois itu manusia"
penyalahan,"nga jang bacarita sabarang e, jaga mnyebar postingan ujaran kebencian model nga ni kyknya kase mso di bui me gaga"
penyalahan,"dpe masalah di samua dri nga sj, nga terlalu pang bagosip kong susah juga"
penyalahan,"Anggota dewan itu masi di bawah naungan pemerintah langsung, dan ana tra suka di bawah naungan pemerintah langsung"
penyalahan,Yes masi blm terlambat tapi urus dia pe masyarakat dulu yang tara todo dirumah tu jaga kaki gatal lagi kong
penyalahan,"Bgimana tara labil, dia p netizen saja bgini2 ni"
penyalahan,Selama apa yng di katakan itu demi kebaikan masyarakat ikuti jangan malawang. Masyrtk tllu malwang jdi akhrnya bgtu.
penyalahan,"Trada  yg mnyalahkn sebagian pihak, Yah  ini jadi  evaluasi untuk kita semua calon"" penerus bangsa kedepannya."
penyalahan,jng bbdiam drmh kg pikiran proposal dg ngni lockdown pikiran
penyalahan,"Ngoni talalu banya nonton debat yg berlebihan, kage lagi overdosis"
penyalahan,"Typo ta ambor"" eh hari ini, mo kata me orang pe jari.."
penyalahan,"Situ p ana buah tra, yang jaga bikin diri tau tau tuh"
penyalahan,"kurang apa ee ngni b ketik dg pikiran k apa, baketik me lurus"" bagitu kong"
penyalahan,jari jari yg so lama tra ba ketik kg cuma skip orng pe story tu bgtu
penyalahan,"Keadaan begini kalau ngo typo sadiki sa, suda tamat riwayat"
penyalahan,"Masker kain p harga saja, skarang so tembus 20k satu masker, mancari ka mancari ni"
penyalahan,Heh krim gmbar sja tausa ketik sdh klo slah2 trs tu
penyalahan,"Trda boss sbar, batunggu dah,..akng dia lama itu..anana kaya bgtu so tau to"
penyalahan,Kk bams pe ade2 stand jringan mo
penyalahan,Heh haga2 dng lia2 tu sama sja kka
penyalahan,ha ngni itu me dapa suru bri pake songko
penyalahan,mabar trs la muka sama dg ML
penyalahan,drtdi tr pigi di oda baruuu ceeii
penyalahan,Dia tra pikir teknisi nih harus ada gaji lagi
penyalahan,kas biar kbawa la dia pusing sndiri
penyalahan,Besok tu tong bongkar meja dah.. Anana himpunan rame skli disini.. Akan dong kebiasan.. Tiap malam kmri
penyalahan,"Akan tra pulang"" Sdh.. Btunggu dorang trus... Blom lagi dong tra bersih"" Lgi"
penyalahan,Tra pi cat kong... Kas warna itam tu lab
penyalahan,Baru dapa coret 5 halaman langsung s tra datang asistensi sampe skrng
penyalahan,Kira torang ni pe usaha cuman mau prank dorang? Kek trada kerjaan sj e
penyalahan,Dong pikir kemarin kk pe nasehat yg dorang sampe lapor dekan tu cuman sekedar prank..
penyalahan,Biar Kase tunjuk me akan di bilang drama praktikum
penyalahan,"Jaga tra ganti"" Password mo"
penyalahan,kita suberusha tapi dia lebe pilih deng orang lain
penyalahan,"Ana so mau naik ojek ni, bikapa ente tra kase tau klo mo jemput dari awal?.. ceh ngna ni"
penyalahan,Spya pelatih model bagitu dapa pelajaran traaa
penyalahan,"Ada harga 165, cuman dia pe isi kosong"
penyalahan,bukan itu itu bela diri laen punya
penyalahan,Tra sabaran tu bgtu dah.. Suruh tunggu kong..
penyalahan,Antara mabo deng manganto pe hal
penyalahan,Lah kan ngana bilang bantu toh.. Itu kan ana pe maksud ba bantu juga
penyalahan,Ceh ngana ni... Ini sj baru halusinasi ni... Belom nyata
penyalahan,antua itu talalu bnya tako corona yg biking tong tersiksa
penyalahan,skrng ni skli2 tong kerja mndiri sdiki ana so bosan dapa bilng tong tra mandiri
penyalahan,Itu karena ente perkenalan tra lengkap tu bgtu
penyalahan,Iyo.. Ngana me salah lgi...
penyalahan,Itu ente sj kapa
penyalahan,me abis mo kempo bgtu mo paksa tu
penyalahan,hadoh so pastiu dg promosi ee
penyalahan,tangka la kas biar bgtu dh kg ini kong mo tamba2 lgi tu
penyalahan,huh pelatih2 dorng ni lebae tong kudeta dong smua dh
penyalahan,Ana me bingung deng antua pe redaksi tdi
penyalahan,io antua ni lama2 biking tong mo gila
penyalahan,Me ana itu mniso lg
penyalahan,Ana ini so trmau bca tg p wa
penyalahan,Dari kamareng tara muncul baru maitua ini
penyalahan,Org open house dri kmrn trdtg bruu
penyalahan,Itu tuh kg srh bcapat mksd skli
penyalahan,ta me stress dg drg
penyalahan,iyo hayl talalu dg pasukan tuh
penyalahan,iyoo wee kala dg taru dia di dia pe pilihan pertama da ka
penyalahan,"Ng in klsg t cmn d grp tg pc t lwn""prsdn jkw lg"
penyalahan,Jg bsk uts mngd tktk t ade
penyalahan,kika me istirahat tr kg
penyalahan,Pe lamaaaa ebiii
penyalahan,kika tmg tr jls+doi tr cair²
penyalahan,"Ya Allah ana ini nih, org blg bbtl ini"
penyalahan,kurang ajar skli ana ini
penyalahan,Mmg ngn ini tllu totofore
penyalahan,ngni kl bgtu ngni read cpt
penyalahan,"tau e, bmkg dorang mngkli kafir smua kp kg"
penyalahan,ngni sombong smua e
penyalahan,Yala tr pngge”
penyalahan,me tr berenti la tlp kt
penyalahan,bacot bnya pdhal tra dtng
penyalahan,sok sibuk dia
penyalahan,Bicra dongeng trus
penyalahan,Ngni ini to keceplosan trus
penyalahan,Hayaall dorangg
penyalahan,Hayal bali kos kaki sja ngni bleng
penyalahan,mksdnya tg su tr karja laeng kong cmn urusan tu barang itu
penyalahan,yg pnting dg tra kse biaya trg sa kg
penyalahan,Biar moya bilang absensi 3 hari lagiii terserah sudd
penyalahan,So blng 4 hari ngo malwang
penyalahan,Nurul pambajalang smpee
penyalahan,mksdnya itu org lain p kegiatan kg bkp trg musti bgtu e
penyalahan,"Aduuh boleh da, bku engke dg ngoni ni ta p bahan prsentasi panyake bso tra abis"
penyalahan,"Macam"" ngoni ni"
penyalahan,"delegasi tra pake"" memang pling setan drg"
penyalahan,"trabis"" ngni ini"
penyalahan,Dong bikin sampee orang ana jatong deng motor itu tra
penyalahan,Suru bagara taramau suru tunggu me taramauu
penyalahan,Me sama di hukum pas dpw bbrpa ada dia angka moya we
penyalahan,"tra laeng tra bukang maitua itu memang sundal ka apa kg suru"" org ksna kmri"
penyalahan,"Ana"" nae"" badang ni talalu alay"
penyalahan,"Suka bku engke dg barang"" tra mso akal"
penyalahan,mngkli trmau ryan dudu dg trg
penyalahan,Pasti dong telponnn me gatall sampeee
penyalahan,Yah ryant eeh tra pulang tidur kong
penyalahan,Iy nurul ng bgtu e kt kse ucap nga cmn tnggpi love
penyalahan,iyoo nurul to bgitu daa
penyalahan,Ngoni ini perkara cari hal nomor 0
penyalahan,kmri tra asprak bru
penyalahan,Tllu bnyk mngs kg menghayal sbrgg
penyalahan,Me ngn trprcya kt ngn ini mmg tg dua s btmng lamaa ta klo blg ta btmng baurus akg ta btmng smpe slsai
penyalahan,Hayal bbucin smpe lpa p hall
penyalahan,Ayu mtr me ggweang
penyalahan,Gra” ngn pnko ini nihh
penyalahan,"Bukng cuma kita, Risma lebe panako"
penyalahan,Dia itu tuh s pnko sdh bru terek” org
penyalahan,Smua kg nga bkg kg dpe gna ap nga klmpk dg dia
penyalahan,Dia cmn tau sng” psng story ksn kmr
penyalahan,Mlm itu ta m kse ajr nga trmau
penyalahan,Nga p ana klmpk trd gn smpe
penyalahan,Nga trbsuara tdi bruu
penyalahan,mee ngn lgi
penyalahan,ngn yg bcra tra sampe bru
penyalahan,"Rs balagu mdl dg asli"" n"
penyalahan,Nardi ini meresahkan
penyalahan,ta su blg kg mlwg
penyalahan,ngo smbong e malming dg cwo sj tr on group
penyalahan,Iyo dng tu talu bkin diri
penyalahan,Mksdnya klo tdi Ng bsuara kt bale dangs model dng kt kosan dan kampus jauh sama dng jambula ni
penyalahan,"Ng tra bsuara Bru lahhh kt ksana, kt kra ni Ng ad kgiatan"
penyalahan,pengurus pe banya ini kg 1 bsuara me trd tu cmn read smua ng
penyalahan,pgrs ampg ngni ini ni
penyalahan,Me ngn ambisi tra bls tg p chat
percaya,"Sntai dia So Masok Anggota Muda,, insyaallah Lapas Lebaran Tong Karantina pa dia"
percaya,"Dirumah dah, nanti kita bawa pa ngana di antua pe dalam rumah"
percaya,"Tra usah pke anggaran, tong pi bajual di pinggir lampu merah dah, bajual aqua gelas"
percaya,"Jng. Tlalu panik lg, nanti antua kase ngoni uang balanja .."
percaya,"Spkat biar trada yg saling menyalahkan, kita suka yg model bagini"
percaya,"Insya Allah, nanti kalo ana jadi orang besar nanti ana kase karja ngoni samua di ana p perusahaan, aamiin"
percaya,"iko deng pemerintah pe mau sj, tong mati me di anggap syahid, jdi aman aman sa..."
percaya,bnyk hal yg drg pikirkan samua so terjadi jdi skrng trg cuma patut ikuti aturan untuk #dirumahaja
percaya,We mari bikin sama² proposal dg KP yg blm selesai jng tllu santai drmh bkdpa asal pake antis dlu baru baku pegang
percaya,Kasebiar nnti dong mngada org kolili kie diats
percaya,"Spa yg brani Larang Kapita Informatics, laki laki jago ni boss, hehehe"
percaya,"Buka memori lama lagi di laptop to. Yg di hp so thapus smua mo, ngo punya mo kita hapus?"
percaya,"Psg stori rame2 mari, sapa tau gaga"
percaya,Kase barani ceh
percaya,"Tunggu kita jdi presiden, nanti kita hapus skripsi ganti deng kubermas sa"
percaya,Jng lupa kse bngun ee
percaya,Nnti put ks bngun
percaya,lagi ka nyong la trg nostalgiaa
percaya,Kt ni prmpuang yg diujung sja. Jilbab smpe bgmn tu
percaya,Laptop d tte jdi tr bsa lia
percaya,Masi di sekret boss
percaya,yg mo kirim video cpt da trg kase lengka
percaya,We kita so post
percaya,posting da atik otw post
percaya,sumpah kt ulng² aii punya muka sundal skali
percaya,Kita so bkurung drmh jadi so ada prubhan sdki
percaya,Yang kontrak logika 2if1 tu bngun sudah
percaya,Krim di grup lah angktan bntu bking
percaya,"019 pnya itu, Sesuai no urut absen pak blg"
percaya,"Soal tu sama sdh, cuman pak acak2"
percaya,Tra tw ee put bantu kita puxa lg k
percaya,"sabar cuk, put pe tangan yg bsa btls cuma 1 jadi jng gertam"
percaya,Ngn tnya put tu brg put yg maso di classroom jadi
percaya,Cba nga kse bngun dlu
percaya,We me kse bngun ojan ka
percaya,nnti bikin A jika maka negasi B baru hasil dri itu kse negasi
percaya,Bantu susun dia p urutan tabel k
percaya,Tulis soal dari nmr 1 sampe nmr 44 la krm saja lah
percaya,We kase bngun ojan ka
percaya,"Tra tau sih cuman bikin"" sj"
percaya,Pak blg kse prpnjang waktu tmba 1 jam
percaya,"6 menit lagi waktu abis, ecep da. Batas waktu 10:30"
percaya,Pak so kse info kmreng2 soal trlmbat kirim tu
percaya,Dia blg nnti dia chat pak dia bru plng dri kubur
percaya,We ini dia so minta di mahani. Dia btlis dlm oto tllu sngsara jdi dia dg dets kmri
percaya,Aid pigi kubur bikin di kubur tadi pa
percaya,Kt smpe so suru orang ksna kse bngun
percaya,Nnti dong ttip doi di kita for kse p ngana
percaya,Ada surat pemberitahuan perpanjang libur
percaya,"Dri tnggal 20 maret tu, cma dong bru dpa cctv dri tiap fkltas"
percaya,Tunggu kalao kampus dulu
percaya,Jadi... Tunggu Aii son dia Bganti nii
percaya,Kita dng Ojan ada tunggu anak2 di kmpus niii
percaya,Kirim disini da.. Biar iki chat
percaya,tutorial itu dri kmren ana liat tu pusing
percaya,Tralama ilang dia pe barang.. Kita jamin.
percaya,"Buat dulu.. Share sini.. Nanti bru torang nilai sama"".."
percaya,"Kal.. Ngana ambe nga pe gaji printer ni
"
percaya,"ada pantas tdi ana bacari suara...cuman tra lia muka..ana mata so kabur"".."
percaya,ana blum ke lab..ada diskusi kelompok Kong...
percaya,"Iki bisa buat, yang penting cuma buat dpe skripsi saja. "
percaya,Sorry tra angkat pak fadli panggil bacarita
percaya,Mo pake rpl buat tugas
percaya,"Waalaikummussalam... Kk bru selesai bersih"" Ni..."
percaya,Sabantr ambil kk pe barang di gadri e..
percaya,"Yg urutan 1,2,3 so di beli... Nti kasih lanjut sj"
percaya,"Besok pagi tu Kunci K sat pe ruangan klo tra di pke, trus biarkan ruangan lain di buka.. Biar buat dosen yg mau mengajar besok"
percaya,Wait s mo otw kampus
percaya,Pintu riset tabuka.. Lebar lebar
percaya,Iki.. Pak saiful ada mo pke lab..bru antua mo pke hbis tarawih..
percaya,"Deng jang lupa kasih kunci prodi, ruang dosen, sama server di pak amal.."
percaya,Sblum jam 8 tu dosen so stay di2kmous... Jadi jam 7 lewat tu sobuka dah...
percaya,Tadi ada manyapu halaman rumah sadiki konk mandi agak terlambat
percaya,"Tra usah dah... Sdiki kk kesana.. Hbis urus swab rbu"".."
percaya,Ceh.. Bisa e...susah matematika ketimbang program
percaya,Basuara e.. Barang kk solat dirumah kong..
percaya,Barang asisten p ruangan Iki sementara masih desain dpe bentuk
percaya,Ki.. Jang lupa besok pagi buka pintu..
percaya,Pak bilang tunggu.. Antua ada telpon orang rumah tu
percaya,"Waalaikummussalam... Kalau tau, bikin dah iki.."
percaya,"Ki, tdi kk sudah suruh dorang untuk penjilidan, batas pengumpulan jam 9 malam pas besok. jadi nanti klo dong pe penyusuan atau ada yg kurang, silahkan robek laporan mereka, dan suruh mereka lengkapi,..tdi dorang sdh spakat.."
percaya,"Komputer PC yang tadi pak Fuad pake, pak Fuad bilang kase mati suda, tara usah tunggu sampe seminar zoom selesai"
percaya,"Pak Mubarak ada pinda rumah, pangge Iki kasana bantu bantu"
percaya," Ki.. Minta tolong, besok buka pintu sebelum jam 8 kah.. Kk msih drop ni.."
percaya,Ana pe badan model kya orang hbis kecelakaan ni...
percaya,Kk minta tolong ka.. Ambil handsenitizer di k JNB.. Taruh di lab
percaya,Insya Allah Iki s Kase siap armada untuk semester 3
percaya,"Kaka sat, pak amal p flash yg tadi tolong simpan di pak p laci meja"
percaya,"Tdi kk ada ambil susu kaleng di loker, barang pak fuad ada tanya susu kong trus kk ambil itu dah.."
percaya,Pak bilang ambil sdh. Jang kadaluarsa
percaya,Oreo kk makan dah e.. Kasiang.. So kedinginan
percaya,Baru Iki dapa suru buat dalam bentuk proposal sebelum hari Minggu
percaya,"Proker mandiri tu yg pernah kk bilang tu.. Ada proker dari DPL, ada juga proker mandiri, 
Kan tdk semua orang melakukan pe kerja tu semua sama.. Misalkan sj contoh ada proker pembuatan parkiran motor, disitu kan pasti ada yg ba cor, ada yg ba amplas, ada yg pasang bata.. Nah itu nanti di laporan ngana jelaskan ngana pe kerjaan di kegiatan harian tu.. Tapi tetap sj disitu dengan proker yg sama..."
percaya,"Dong dosen"" Disini me ada bacarita lgi. Dong di tunjuk jadi DPL tpi trda sosialisasi ataupun rapat terkait dengan dorang pe kerja sebagai DPL..."
percaya,Baku dapa Deng pak fadli dong
percaya,"Maaf tidak angkat telpon, tadi masih ada kegiatan"
percaya,"Kunci kmrin kk ksih k Yasir, barang dia ada mengajar"
percaya,"Minta tolong bilang pak, sadiki lagi baru Iki otw"
percaya,"Bund... Pesan dari pak rosihan tdi, Beliau ada minta ngana buat duplikat kunci lab RPL.."
percaya,K sat ada kase masuk ente pe nama lagi buat kerja TS...Hri sabtu so mulai
percaya,Kmrin dong ada pke lab buat belajar.. Bru kk ada sementara di pak abi
percaya,Cuma keadaan angkatan malam ada sibuk kong solo nih
percaya,"Bismillah... Ki, boleh minta tolong liat lab? Brng kk ada drop Kong.. Blum bisa ke lab hri ini..."
percaya,Aman.. Uang tra keluar.. Pke bonus coin gopay
percaya,Atau mau beli pake iki p doi dulu dah ee
percaya,Kaka maaf iki ada ganti dong p diagram konteks yg kaka s acc
percaya,Yg dulu dia bikin dia pe laptop disini tu..
percaya,Iki s bilang di pak Mubarak hari sabtu kmarin sih
percaya,aman kepala sekolah bilang yang penting tra ada jam ngajar
percaya,"Kaka, tolong anak kp ke prodi pak amal pangge"
percaya,kt so drmh drtdi booos pigi dri pagi kooong
percaya,Dirumah.. Cpt keburu kk gass
percaya,Klo kk so tra respon brti kk so gas e dinda
percaya,Brng kk pe tmn ada jmput..
percaya,Wih kasaaat pst segera smpe ternateeee
percaya,"tra apa2 kasat, bsk Dinda so berangkat jdi, nnti Dinda coba dah"
percaya,Info terbaru ternyata dong suruh kirim CV dulu saja nnti dong periksa Bru dong hubungi
percaya,Dinda PIMNAS kasat akan tr bisa presentasi itu
percaya,"Iya kak, mulai bsk smpe tgl 28, Bru PIMNAS trg hrus stand by krn dong pake undian akan dong panggil tiba2 jdi tr tau tampil ke brp nnti"
percaya,"Kalo ente mau, ente kirim langsung ente p biodata lengkap di ana supaya ana teruskan di penyiar la dong konfirmasi"
percaya,"Acara ini ni acara untuk anak2 muda, jadi banya anak2 muda yg isi acara dialog numpang nampang..."
percaya,"We ana tunggu ente p jawaban malam ini, supaya ana bisa konfirmasi ke penyiar tara"
percaya,"Nnti kirim ente p foto lagi, cari foto yg gaga, barang dong mo taruh di flyer"
percaya,"Oke Sat, ente p biodata so maso di dorang p draft narasumber, nnti H-2 baru dong kase info, nanti baru ana teruskan ke ente"
percaya,ih maaf kita tra maksud begitu
percaya,we kita ada dapat info lowongan kerja di iwip!!
percaya,tra sangka kita bisa kase selesai ni barang
percaya,"puis, hari selasa ente jadi narasumber numpang nampang di pro 2, "
percaya,"We suda, ana so bikin, dia p hasil foto gaga lagi"
percaya,Ana ada bafoto2 Kong dia p hasil bagus lagi
percaya,Ana butuh dia p kamera deng spek
percaya,"Skripsi pasti ana bikin, masalah ni ana p doi pas tadi ada kabawa di dealer mo cash motor padahal masi kurang 1,7 juta,"
percaya,kk minta tolong kas info di grup kokur bilng tatap muka suda cukup tinggl selanjutnya online
percaya,sory ana bru bls ana btwana tdi mlm kg
percaya,stay di muka dh ana so dekt
percaya,oh dong pe nik so ada ana so input tu ujian kenaikan tingkat
percaya,ce aman kk dong pe data ana so input di unjian kenaikan tingkat
percaya,ana rencana besok sore kabawa di senpai mus rumah
percaya,nnti ana singga di ente la tong gas sama2
percaya,Okelah siap.. Kalau mau pigi.. Jang lupa singgah
percaya,Barang di simak dong suruh tanya bag. SPP
percaya,"Iyo.. Gas kamuka da.. Barang ana ada mo pi blanja rabu""..."
percaya,"Kal nga bikin bagan pelan"" Dlu.. Ana pe kerjaan ni malam masih banyak ni.. Nti klo so selesai baru ana basuara la ana kase lanjut"
percaya,uda ana so buat kk so seles tinggl antr besok
percaya,Oke dah mantap.. Ana dari pagi blom istirahat ni...
percaya,Yah terserah ngana sj.. Yg penting ngana yakin dan paham deng framework itu...
percaya,siap kk bismillah nnti kk bntu bimbing lgi k ee
percaya,"Kan dia pe aplikasi so ada.. Tinggal ngana putar otak untuk pelajari dia pe perhitungan, deng pengurukan"
percaya,We gaga tu.. Cuman nti lia dah..soalnya ana ni tra tau lgi..ada dapa proyek besar Kong...
percaya,padahal so ad di adik pe laptop
percaya,Blom kapa..barang ana mo mangaji kong..
percaya,Ceh.. Sans.. Nti ana bikin versi android
percaya,Huh.. Payah e.. Itu klo jadi memang... Andalan ngana
percaya,kk besok tu adik usahakn smpe jadi
percaya,"Ini ni yg ana like.. Itu tinggal ubah dia pe data kong kase cocok deng ente pe data sj, percaya sa..sama tu"
percaya,So mau otw... Tunggu dah
percaya,Otw kamar mandi.....rabu rabu saa
percaya,Ana di knpus adik..pke sptu
percaya,"Ada balik rumah ni, kita kase kepercayaan pa ngana, jadi tolong urus dulu"
percaya,Klo deng isi tu bisa sampe 30 kg.. Nga mo bayar dia pe ongkir?
percaya,Iyo ni.. Eh adik.. Sbntr bisa jemput akak tra? Jam jam 7 atau 8 bgtu
percaya,eh sory kk ta sono tadi mlm
percaya,"Kal, besok bw ana pe lptop e"
percaya,ana pe uang so bali bazar pisang lumpur
percaya,Pi kmpus da.. Ana ada tf doi
percaya,Rumah.. Sdiki mo pi kmpus ni
percaya,woke klau so di kmpus bakabar ee
percaya,Ana di lab ni kal
percaya,ini project uas besok jam 11 mlm terakhir kumpul
percaya,Ada iki.. Dan 20...dong rencana mau batulis sampe pagi ni...
percaya,kk  abis isah ana ksana ee
percaya,nnti ana ksana ambe la ana buka sndiri tra
percaya,oke abis magrib ana otw ee
percaya,"Nanti pembukuan e, batas hari Senin jam 09.00WIt. nanti so pembukuan sdh baru kirim nilai biar pak tau so pembukuan e. Pak tunggu hari Senin."
percaya,Iyo ni.. Barang kunci lab pak rosihan yg bw kong...
percaya,Sdiki ana bale kerumah baru ana bikin e.. Masih di luar jdi
percaya,"Wala.. Okedah.. Ana paling hati"" Sdh ni"
percaya,"Tapi sykur sj.. Nga pe bulu"" Tangan halus secara alami.. Tanpa harus di cukur manual"
percaya,nnti bntu adik ee kalau so mau nae
percaya,Nanti ana bantu kasi susun kue di meja dosen
percaya,Yoooo.. Kmri dah.. Paitua bru dtng juga
percaya,soalnya kiki dg alwia berminat mau biking
percaya,Trda informasi terkait KRS.. Hnya untuk 2021 sj
percaya,ce pak amal bilng di tong pe grup tu paitua bilng untuk kumpul krs tu tunggu informasi dari k jnb soalnya kumpul krs per angkatan kg
percaya,Besok kamri dah.. Ana sdiki lgi mo bale..
percaya,siap kk dangke bnya so kas inga
percaya,klau mo dtng b kbar nnti adik singga
percaya,uang ukm saja ad sekitr 3jt tamba 7jt tu gaga suda
percaya,soalnya di jadi dong ad kerja bakti
percaya,bru dong kerja bakti pagi lgi
percaya,Kelas yg bru bikin tu
percaya,Tong pe ruangan kelas kan dong ada kase besar tu...
percaya,Tong pke ruangan itu.. Soalnya itu juga belom selesai
percaya,Deng palingan besok yg kerja bakti juga sadiki
percaya,Soalnya dari Angkatan 21 dong ada kokur juga besok pagi
percaya,kan namnya kerja bakti jdi pastinya akan dong kas bersih di smua bru kurng enak saja yg lain kerja bru torng seng
percaya,"Ce, ana so kase tau di dosen"" Klo ana ada pertemuan deng kokur kempo..."
percaya,Dong juga yg jadi dosen inti mo...
percaya,jadi sdiki ana singga?
percaya,Iyo.. Kyknya dia tu senior sekali kapa...
percaya,16 kbawa so trda yg kokur
percaya,Senin baru dia ambil absen kata
percaya,ici masi pake kk
percaya,Antua telpon ana ngana
percaya,Dia tau ana tu angkatan 21...
percaya,"Dia bilang dong tra bale"" Barang fokus skripsi... Jadi nanti dong pe angkatan yg handle nilai"
percaya,ane so kasana di kmpus cuma beliau kosong tpi ane so konsul di grup class room tinggl tunggu balasan saja
percaya,"Besok bru paitua baurus... Antua ada, cuman klo nga mau kmri juga silahkan"
percaya,nnti tlpn ee klau so bngun k muka
percaya,kk ana ada bilng iki nnti dia jemput nte soalnya ana masi ada pigi pasar rabu2
percaya,kalau memang kokur kempo so bgtu ya bgtu dh tinggl torng pangge orng lain untuk masuk kempo
percaya,"Itu baju kalau jadi total 1.2 jt, itu sdh free ongkir.."
percaya,"Itu lagi.. Faedahnya kong di bagi"".."
percaya,kk kmren yg nte saran yg tugas proyektik tu ana pake apa dh yg so tra perlu b koding lgi tu
percaya,mksdnya ka sat bisa kndlikan nga p sifat yg talalu bae tu
percaya,Cape geng
percaya,To jaga teka teki tolong dong pakk
percaya,Alhamdulillah hri senin bsa nongki di lab
percaya,opo iki...jaringan jelek..
percaya,rifqah dia so ta otomatis ada mendeley bkg bgman ka?
percaya,niswah to tra mngrti dg niswah pe dosen pe mau
percaya,"niswah mo bkg proposal me tratau kse bae"" dia pe daftar pustaka kg"
percaya,Cba krm p rfqh dlu dah dpe file spya ad file cadangan
percaya,Ada digital forensic nih
percaya,Rfka kt ksn k
percaya,Kt p sstr k ajr kt hlp
percaya,Pdhl bso s sistr
percaya,Hlp kt p cht sdk
percaya,spa antr kika plang?
percaya,Buat lporan magang brg printer rsk jdi sklian ba print
percaya,Tg s trd owoc kg cmn ebi yg prhtiann
percaya,ente siang siang mo bkin rfqh puasa batal itu
percaya,"Cee Soe nii, we sori ana blom bisa Iko"
percaya,ta sngt prcya klo ngo dua cck rfqa
percaya,We di ana pe tingkat lampu ada putus pot
percaya,Blng sdh ba ghibah marii
percaya,Dia ad tembak kt ni cmn ta tolak
percaya,Ta iri lia mbasate dg bangsate
percaya,Brnti sdh ricmaa tdrr sdh trd cinta jm bgni
percaya,Emg ipka p cinta jm bgni ad?
percaya,Ah to trmngkin tg ambe hti sdngkn ng p hati untk bangsat tu kg
percaya,Ta smpe ykin bsk ba urus
percaya,Tg smpe malu hati
percaya,kase ajar yg jelas..jgn yg sesat
percaya,"iya, ntar bawakan aj...biar sisanya nanti kk minta tolong iki untuk urut badan kk.."
percaya,kng ng pulang dng sapa?
percaya,tolong kasih tau dong dimana kau cari jurnal bhsa inggris buat expert system
percaya,jang diam diam dong cintai dia ugal ugalan
percaya,Bru ngo smua stu” so mlai glowing aplgi ngn dg risma bru ta msh dg mata panda ini sdh
percaya,"trada ee mata panda tu brrti ng kerja keras skli, ta bangga di ana satu ini"
percaya,ta tinggal tunggu undangan sihh
percaya,"Riff, tng su tra bisa asistensi di ngna lagi to"
percaya,Huum ta bru abs tnya k sat tdi aul
percaya,"Sabar, laptop trda, mas ada pigi, nnti ta tanya ulang"
percaya,nntn sore mrii
percaya,Nntn dh yoya ta triko
percaya,dg abdi pdhl
percaya,Biardh yoya pg dh
percaya,Ana me tra paham skyyy
percaya,"Kta p gis blm apa"" sky tak ngerti saya"
percaya,Kta ttdr lalah mo mlam itu
percaya,"Me tau kta me hayyuk"""
percaya,Nnt kluar bru ta bntu
percaya,Nga mdl dg mas” leger bru aul mdl duda ana 2
percaya,Bisa asistensi mlam?
percaya,Bkin dng ta pnya lgi ka keting
percaya,Keting dng ta pnya ka
percaya,Pak su maso ni keting
percaya,Maso da tra apa keting
percaya,Ente tra buka responsi?
percaya,Ana tra mngarti keting btul ni
percaya,Keting roti
percaya,Cuma Trang p kelas sja keting
percaya,Klo suda ana lia ka
percaya,Ok ente lnjut bkin dlu da
percaya,Huum brg genbi p acara
percaya,kt tr marah
percaya,Kalo kerja jang di jogja
percaya,Jogja to balajar sa
percaya,Kalo karja lebae tte lagi
percaya,ketik soal crta ricmaa
percaya,cuman sekota ternate
percaya,Masi ni pak tara lama ini soalnya cuma. Kasi tugas soal pak ada urusan
percaya,Okay ta so dlm prjlnn
percaya,Mmang ana tra bisa pigi bre
percaya,Saya ya rifqah
percaya,Pk arif s ada
percaya,Ta magh kambuhh
percaya,Blm mkg dari pagi
percaya,Ta dg ismi skrt
percaya,Tenang lps mgrb tg ksna
percaya,aul tong bkin gis di nga boleh?
percaya,Kmri kmpus dh Pak Arifandi so ad
percaya,Kurang tau pak blm ad kbr
percaya,"Ipang, kse bngun mas tu"
percaya,Kumpul di kita nanti dan ttd berita acara nanti mo kasi di kak jnb
percaya,Pak fuad so ada ni untuk mk teori informasi
percaya,Pak so kluar trda yg maso
percaya,Kmrin ka nifa ad tnya pak lgi klu s ba titik bgtu me asstnsi
percaya,W yg kontrk kmri da
percaya,"Kita ada di kampus ini, pak  bolom datang dan prodi bolom buka"
percaya,Bru plg bre
percaya,"Doni sja ana so gila, galau dng witi smpeee"
percaya,Tugas me so lupa smua
percaya,Oh iyo sorry nnti kt ganti
percaya,Tg kmra lptp trbsa mknya pgi di wndi
percaya,tggu rbu rbu e
percaya,Hbs shlt blg lah m ksna b vd
percaya,D lab d
percaya,Bae” n yunex
percaya,Kt d musola bru mo ksna ni
percaya,Ta dg ismi so di gambesi
percaya,Tg trda data tdi
percaya,Jiddah blg ini lbh bgs kata
percaya,"Soalnya yg itu tlalu Arab singke. Iyo iko  jidah dah, semua bagus2 koq"
percaya,Mana yg rfqh dpa liat bagus? Itu filter bukan makeup
percaya,Kl blm mau tidur Abdu tr mau trg ks mati lampu. Masih mau brmain
percaya,Dari Aby untuk Rifqah yg pintar. Semoga tambah rajin belajar ya anak pintar
percaya,Ummi krm p zidah tp cm centang satu
percaya,Rfqh ada buat tgs jadi tr liat hp
percaya,Afuan rifqah 
percaya,Aba klo so krm blg ee
percaya,Bru mo plg brg tdi lia ada di gramedia
percaya,Boleh aba? Nnti rfqh kse tnjg dpe bku klo so belii
percaya,Soalnya rfqh ad bkg tugas aba
percaya,So makan k blm?
percaya,Blm aba dosen so masuk
percaya,Tpi so beli cmn trsempat makan
percaya,Nnti hbs kelas bru makan dh
percaya,"Oh iya, abis makan dlu ya"
percaya,Klo so kmri blg ee aba
percaya,Kaka so kirim nti Kaka cek ya
percaya,Mo jemput p rifqah ni
percaya,Tpi tnggu dia abs smbyg
percaya,kaka rifka dimna?
percaya,Pak srh kmpl skrg
percaya,Mana ada ta bthg demi lporan kp
percaya,"Tdi kt plng dluan soalnya Ng ad ba asstnsi ana"" jdi kt tra ad kerjaan dng tmng bacarita"
percaya,Ta rela” trdtg rapat demi bljr kse slsai kp
percaya,Brg ta bpkr nga so lalah bru trmgkn ta suruh nga bale beb
percaya,"ismi mintol lia yg ta bru krm nih dpe penomoran dll, klo so btl blg lah ta m krm di gdrive"
percaya,tg p lporan kp msh ada yg salahhh
percaya,ta bingung k sat mksd bgmnaaa
percaya,kse mso lampiran berkas di k sat smuaa
percaya,k sat tggu hri iniii
percaya,"ana"" smua smo kse mso nih"
percaya,trh di map wrna kuningg
percaya,Kt otw ni
percaya,"huum ini k sat jlskn di dg yayan kg ta dngr"""
percaya,"bru thri ta lia senior"" kse mso map kuning"
percaya,Pak mubrak soo mrh ni
percaya,"Kt tr dpa dngar Ng tlfon, kt pe volume hp biasa lahh mnta beli Bru"
percaya,Kt so slesai bsiap ni
percaya,Ng di rmh to?
percaya,Kt mau otw ni
percaya,Kt ad ksi panas motor
percaya,Blg di drg mknn so hbs klo dtg smua
percaya,"Cri yg terbaik eee, aku percayakan jodohku pada mu"
percaya,Mo ragu?
percaya,Trda nga semakin di depan rfqh
percaya,yamaha semakin di depan
percaya,Trapa sih uhhh akn plingan cma dpa gara2
percaya,Rfqh krim fto2 k
percaya,Sudah ka nifaa
percaya,Btw tdr sdh ka nifa
percaya,Trd cinta jam bgni
percaya,Rfqh me so tepar
percaya,Orng ada b vc kg
percaya,tnya apa cinta kasih beibeh kuuu
percaya,Ta hati trtenang
percaya,Tpi ricma blg ta egois klo mrh di dia
percaya,Setidaknya Ng pe keadaan stabil dlu
percaya,Trbsa stabil klo ta trkse kluar ini
percaya,Bru ad yg video
percaya,Klo dia tolak kan psti malu hati sihhhh tpi mngkin dia tdk bermaksud bgitu
percaya,Tapikan dia tra brmksud bgitu
percaya,Coba slama ini kan dia tra bgitu dng perempuan
percaya,Bru ini sja itu me krna dpa ksi hadiah
percaya,Tpi kan dia kondisi serba salah rfqh
percaya,Ng tlalu ambe ksimpulan dri sisi yg dia serba slah
percaya,"Coba kpan"" hati so tenang"" kmng 2 bcarita atau btlfn lah bahas"
percaya,"Coba Lia yg sbelum""nya trda kt rasa smnjak dia dkat dng ngana dia tra bgitu"
percaya,Prmpn kg bahas prmpn lain akg pembahasan ancor itu
percaya,Dng dong sblah me dia so menjauh
percaya,Sma halnya dg laki”
percaya,Me tdi yg dia hbis mkan ayam tdi kng dia Blng makasih smbil usap nga pe kpala tu. Aduhhhhh kt pngn baper
percaya,Smpe dong Eza Lia
percaya,"Dong senyum"" lgi"
percaya,Maaf sya tidak peka dan penglupa
percaya,Ihhhh kt ni panik jng smpe dong curiga
percaya,Tpi dpa lia ta egois skli klo tr chat dia
percaya,Hrus Lia dri brbgai sisi
percaya,ta mo chat me ta ego tggi
percaya,bertaruh deng egooo
percaya,Ego mengalahkan logika
percaya,Bru kt jomblo
percaya,Yaudah de trnyta ksi tenang mbak ipka lebe susah
percaya,Abs klu hti s tr ske ksi kbr e
percaya,Dia jaga jrk cmn dia in yg trobos
percaya,"Bilng aja se nyaman anda mbk ipka, drpada ng mra bdiam"" yg dia trtau lebay blg ksna"
percaya,Spya dia bisa jga jrk tooh
percaya,Aplgi dg dia dag
percaya,Hrs sih
percaya,Drpda kse rusak dpe hri bahagia
percaya,Mending bbdiam
percaya,Jdi tenang
percaya,Mksdnya dang drpda slh bcra
percaya,ayolah jgn egois
percaya,Btulda ng cemburu tpi dia d sna jga korban
percaya,"Trmau ksi iko, hri senin ta ba lapor ka sat ipka blg ka sat s trmau bls dia p chat"
percaya,Ank kcilnya kak sat klu mrju lucu ih
percaya,Mrju lgsg nae tdr
percaya,Huum
percaya,Mo tdr
percaya,Mbaksate dn bangsate cocok
percaya,Tr niat bersaing
percaya,Ta m tdr
percaya,Llh
percaya,Bpkr tmbh llh
percaya,Ricma cntk imut nan baik hti
percaya,trd tg ttp jmpt ipkaa
percaya,Dia ad tnya rfqh bkpa me rfqh cmn blg trapa”
percaya,Rfqh kse slmt mmg dh ee
percaya,Kse slmt ultah
percaya,"jng kse slamat, nnti kse sprais 1x bru kse slamat"
percaya,so bku ator tu hrus fix jdi
percaya,"tdor sda istrhat dlu, spya bngun ttp bfkir positif tra badmood di dia"
percaya,Tetap teringat”
percaya,Inshaallah nnti lia
percaya,trapa me tau rmah sja kg nnti knifa jmput dng tong gass
percaya,Ttp pintu rumah cehh
percaya,toki pintuu smpe buka
percaya,Gembok
percaya,Nga s persiapan?
percaya,Huum bru mslhnya pas ricma dtg blg bgtu ta ada bku ator rncna dg icmi
percaya,"sdh ta so bli hadiah dri jao"" hri"
percaya,Jadian da
percaya,Aku ada pdkt sama org
percaya,Mau tau tidak?
percaya,Org tidore
percaya,Kt so blg tu kt incar org tidore
percaya,cba spill dlu
percaya,Sdh intinya kt cmn suka lia
percaya,Kya koor bgtu sja
percaya,Kk rifqah tr knl
percaya,Org tidore akt 19
percaya,jurusan?
percaya,Ta trtau klo papol
percaya,klo cocok lah apa kg jdian sdh
percaya,Pengen mundur me so trlnjt suka
percaya,spya pas kubermas tuh bsa jga hati
percaya,Heh sabar kt ni cmn suka” mengagumi
percaya,"p cantik"" ini kg mundur lah bkpa"
percaya,"halahh suka"" mengagumi itu tuh trkhr kbwa jatuh cinta jga"
percaya,me kt nih awal cmn kagum di dia ay tpi so lamaa ehh pdhl terakhir suka bbtl
sedih,kk kalau ana nae proosal bulan2 ini kira2 bisa kejar desember tra ee?
sedih,"Wee trda angaran ni, kong ngoni mo pi bukber deng siapa spa da?"
sedih,"Masi Tabayang bayang deng Turnamen kmarin ka apa tuh, barang manis tra kalo ulang maeng lagi"
sedih,"ta rasa nga so mulai pikiran tr kaluar"" rmh ni, akang tong putih model kasbi ni"
sedih,"Iyo e ksiang tong yg jualan ni ee, akang tong mo dapa doi makang dari mana ni dia.."
sedih,"lockdown untuk masyarakat yg mau pulkam sa, tpi kalo lockdown sepenuhnya nnti bahan makanan dll bgmn? perekonomian ancor da tuch"
sedih,adoh bikin trg pikiran ee ada sadap baku malawang kg
sedih,"Klo yg isu masyrtk miskin menularkan ke yang kaya bagaimna?, kita dengarnya macam sedih kah"
sedih,"Torang me kasihan lg, bukang asal badebat kasiang"
sedih,ini nih..jaga buka orang pe kartu
sedih,"tr lia tidore sana so lockdown, jang torang me dapa lockdown lagi"
sedih,"Iyoo, torang dapa kurung model deng burung kenari ni"
sedih,"we, kita dapa rampok ni, kita pe tas dapa rabe deng silet., bantu kita kaaaa"
sedih,"bantu batamba doi kah, kita mo pake buat babayar minya, kalo ngo bae..."
sedih,"we, ngo tra bapikir deng ngo pe judul skripsi? lia ngo model bagini kita macam iko sdih kaa"
sedih,"Nga tra mampo tamang, jang ngana lembong"
sedih,ngoni ni talalu baku sayang
sedih,"Blh da dia su klh tu, jang ngoni kta kase kalah lagi"
sedih,"Yah walaupun petisi telah sampai ke angka target, tetap akan proses kebijakan penghapusan skripsi lama lagi tu,"
sedih,"Biru msih kurus ee, sedih macam"
sedih,ih ampong dia su pigi kita manangis sudah
sedih,adik pe kapala ada saki jdi blm bisa b pikir
sedih,Kasiang e...bilang sp.. Basedu jang talalu kaaa... Jang sp kena karma
sedih,io dapa.bilng otak buntu tu
sedih,io ee brng itu pi kas pusing pe torng tu
sedih,Heee.. Ana cuman gabut kong pasang
sedih,ngoni samua tau trda dia toh maraju di kita 
sedih,Ya allah tong lia me sedih sampe
sedih,Ksiangg smpe
sedih,bkn ska cmn lgkli klo dg mnta bntu ta ksiang ta bntu tpi ini nih kek s jga tuturus dang
sedih,So trlnjur hatsak
sedih,nga tau tdi mlm chichi smpe manangis dia kirim pap di kita manangis
sedih,Ksiang blg dia trapa” ee nnti bsk rpt divisi tg bcrta
sedih,Iyo ksiang dia di dvsi kbudayaan sndri
sedih,"dong cmn lia ebi pe sisi bruk, tp trap ebi berterimakasih bnyak, kdpannya ebi bisa mrubah smuanya"
sedih,Jang managis kcli dpa php bru mngss
sedih,io kika hti ske dobol²
sedih,Iyo kasiangg btl ini
sedih,hati pata
sedih,kt tr doi ksiang
sedih,iyoo ksiang tg pe mk to dia pe beda jam jao ancor
sedih,blh sdh jg kt tmbh manangis klo bgni
sedih,Ta trkuat hti akg t mngs bcrta dg k sat
sedih,Ta shlt smpe mngs gra” bpkr dosen p kta”
sedih,Ya allah tong lia me sedih sampe
sedih,Ampgg ta s mngs nisa ngn nih
sedih,Ampg nisaa kt terharuu
sedih,Menangis diri ini
sedih,Kt mo mnngis d tmpa sini ni
sedih,Ksiang dia tp msh hatsak
sedih,bkg apa ta s rncna m kse surprise dia dluan tp tausah sdh ta s pmls hti msh ske
sedih,ta p hti msh ske lbe bae ta bbdiam sdh lbe aman
sedih,iyosih:(
sedih,Ini ta ad bcurhat d k nifa m msh mngs
sedih,Llh mngs ta tdr
sedih,"Sdh jg sdih"" lgi eh pkonya ipka ttp dg ka sat"
sedih,Tg p rncna ba tamu d ka sat gagal sd me ipka s maraju kggg
sedih,Trus nga langsung hatsak krna dia kse dluan?
takut,"Yah benar beb, dorang tu mau lockdown tapi pelan"" karena indonesia tara bisa langsung banyak hutang diluar negeri lagi dll jadi pikiran kasian. Saling membantu saja ini"
takut,"tau akan dorang pe usaha nanti bagaimana tu dia, akan dong mo kase sekolah dong pe anana me bapikir"
takut,"Coba"" jang dulu singgung isu lain kah. Tong me jadi pikiran eh"
takut,mamadan kaluar lapangan lgsng samua maso ODP
takut,"we, kita gas kamuka e, kita tra mau tatinggal pesawat lagi, ini so dua kali bali tiket ni.."
takut,"Dia itu laki2 b santang, muka pe jahat"
takut,Ancor kita ini malam
takut,"ana tarek ulng dh ee, barang tako jang sampe dong lia lagi"
takut,ya jou jng cencel tra ini ana mo pi cek ni
takut,we jang bgtu traaa...
takut,Ceh jang dah.. Kage lagi...
takut,Kage lagi antua tau kong antua bilang latihan online lgi
takut,kage lgi dong kas kumpul ana2 21 smua
takut,ana takutnya di dlm grup tu ad yg karate
takut,biking mental trun saja ee
takut,wee jng tra
takut,mo bking ana dapa kata ee
takut,dong bribut apa di grup kk? kg pelatih tlpn ana bilng ana tra kas latihn2 anak2 ni
takut,Kita tara barani pi tolire kalo cmn tong 2
takut,tako ka
takut,"brg tako data"" proposal ilg"
takut,Org smo tngka pkl tg 4
takut,kt tako trbsa berbaur
takut,Aulaa ta tako ulang e
takut,"Ampoong tg tako, tg sholat lu"
takut,Tuhan tg jang b circel
takut,Tako k ana” iain lirik
takut,ta mo kalao tpi tako ngo so plg
takut,Ihhh takooo
takut,Ta tko dpa php
takut,Cmn tko mso
takut,ta takoo nga sibukk
takut,Trlupa kulit ta tko nga ad btlpn dg akak
takut,T tko sndr
takut,Takut Ada orang yang pake duluan
takut,Kt tako skli nilai semester ini
takut,Kk s tko dpa srh kmpl nih
takut,Aulaa ta tako ulang e
takut,Tako macamm
takut,AMPONGGGG TAKOOOO
terkejut,Kt trmau kt tacigi sndri
terkejut,"Ngn pantau pantaw spa tu, cilaaaa, suka kapa.."
terkejut,"Ternate santuy ans. Kita pe teman pe story masi pi tolire lah lain"" ampong kita ingin kata pe dorang"
terkejut,"kita kamareng ada pi di walikota pe rumah..nga lia, dong kase pa kita amplop ni...hahhahae"
terkejut,trg selama tr bkdpa kg #dirumahaja macam so tmbh pande baku malawang ka e
terkejut,"Ngana Bkyapa tu dia, nga bolong makan kong, mari kita suap,.."
terkejut,"Ampong ngoni bribut smpe, kita mo tasono me tra bisa"
terkejut,"kita basuar lia ngoni kamarin baku lai tu, ngo bikiapa berani model begitu.. tra sake kah?"
terkejut,"We tamang ancor, stok abis"
terkejut,Yg versi full ada? Yg crop belum afdol kalo tara kirim dia p full
terkejut,Weahahaha jng bwa org tua bgtu
terkejut,"Dia so klah itu prah, boleh suda..."
terkejut,"We kita kontra, brg kita balom kontrak skripsi"
terkejut,pe smping kiri tu spa?
terkejut,3 menit sesudah rekaman video apa tuari tu.
terkejut,Tra mampo lia ngana e
terkejut,We dpe muka laeng skli ka
terkejut,Lesung pipi dg rambu dapa lagi
terkejut,ragu trg tim dapur
terkejut,D laptop msih bnya k apa e
terkejut,We kita baru Lia ini
terkejut,Wehh dapa kawal e
terkejut,We tugas tu? Yg 3 nmr?
terkejut,Wehahahah 2 org kiri kanan tu astga
terkejut,"w astaga sapa ni, sampe pupululu e"
terkejut,We bgmn kg muka so sama smua ni
terkejut,Ce astagafirullah ee
terkejut,Astaga kita lupa boss.. ok ok
terkejut,wee dia ajak bakulae
terkejut,"Ampong ya,we tg p pelatih tu"
terkejut,We iyoo ee
terkejut,"titi raya angkatan 19 pe papa maninggal, kalian so tau to???"
terkejut,Wah Kong kaka riki kapan?
terkejut,ece tugas k apa
terkejut,"Ampong...tong jauh e, legend lagi, dorang... Wkwkw"
terkejut,Barang itu saa???.. Trda yg lebih ekstream bgtu.??
terkejut,Mana tau... Ana sj tdk di lab
terkejut,Rumah ni adik... Kmri dah.. So sehat?
terkejut,antua blm baca kalau beliau baca beliau auto drop
terkejut,porprov kmren tu lngsung dong pe alat lengkap kayanya unkhair musi punya 1
terkejut,"Gaga kalo ada samsat bgtuu, akang tong pe latihan jelas"
terkejut,asli? mahasiswa tra bisa maso lagi?
terkejut,Nga bafoto di aer kotor?
terkejut,walah akan kumpul di k jnb tra sempt dong
terkejut,Alaaaa... So tra gaga sudah...
terkejut,We.. Kondisikan tanggal tu
terkejut,ampong lngsung kas total ee
terkejut,7jt tu gaga skli
terkejut,Njaaay.. Bangun nak.. Bangun.. Tidurmu kelamaan
terkejut,banya kali ka apa
terkejut,pasti paitua ada manangis itu
terkejut,itu yg ana maksud
terkejut,Ada juga so daftar kempo tapi berpindah ke kokur lain karena dong kira kokur kempo Tara jalan di teknik
terkejut,Me yg ana kirim di ente tu
terkejut,Kya deng asli asli ni
terkejut,lia ana dua itu yg komen ose pe logo tu ta
terkejut,hui kk mesin dg arsitektur pe grup sndiri2?
terkejut,Buset nga m pinda luar negri?
terkejut,Nga s bkp bgni mabo
terkejut,Bkpa kg smo bku lae t dia
terkejut,Habibi spa p foto nga s babat ni dia
terkejut,Weh mabo ngn aman to? Bailang smpe ampong
terkejut,Ngn m bli brpa bnya njer
terkejut,Busett tg tu pling lama jm 5 klo bulan puasa ni
terkejut,Asli tu?
terkejut,"Bntu p bnyk, trbisa la ng sareat sdki ngn ni lalah itu lgi pi la strahat dlu we"
terkejut,Ih kg dpa blg apa
terkejut,Ngn ske?
terkejut,Asli ujang?
terkejut,So bkpa lgi ngna
terkejut,Demi apaa
terkejut,Waduuuuhh
terkejut,Luar biasah sekaleh nak teknik ini
terkejut,Ha msi d tmg ini?
terkejut,Astgaa ka sat nihhh
terkejut,"Ampong rifqah kse tinggal rabu"" 12 pesan"
terkejut,anjirr ada ka kuliah smpe jam bgitu
terkejut,Hee bgmna bisaa??
terkejut,Ihh sio
terkejut,Ya allah rifqah berarti beda” ni harga perbaiki laptop dg harga keyboard?
terkejut,Itu smpe jutaan?
terkejut,kmu ngapain d kmps smp jm bgni?
terkejut,"Ahh bae"" ada dkt"
terkejut,Ta kge lia dpe nma
terkejut,hmdn habaa ngn p mbb sja 3 hari ii
terkejut,baru saja?
terkejut,dia bkpa? ba post pap?
terkejut,guys ngni tra tnya galang p kabar? dia ada msk rs tu
terkejut,Ya Allah dg lgi pada makan rfqa
terkejut,We untung bukan gc basar
terkejut,Sari wee nga bkpa
terkejut,Wehh ta kage
terkejut,Ampong smpe dunia ini blm” lgi
terkejut,we gila kapa
terkejut,ampun masih lama
terkejut,Kira cici yg mo kwen tu
terkejut,ih ama kt kra rohid
terkejut,Ya Allah ternyata akuntansi lebe lebe dari kedok
terkejut,kedokteran liburrrr????
terkejut,Guys ampong yaya wa suru kt iko lomba manyanyi di febi
terkejut,ihh tuhann
terkejut,Bikapa ituuu
terkejut,Eh ampg brg
terkejut,wehh astga yg nga blg tuh btl rfqaaa
terkejut,ampg rfqa tg p chat s dri kpn ini
terkejut,ampun ngoni pe materi apa tuh
terkejut,we kt ada btlpn
terkejut,ampong simulasi tdr mati
terkejut,anjayy bukannya di hati dia?
terkejut,wehh sabarangg apa nii
terkejut,"ampong ee nga tu cantik skli ee, berkelas yg paling penting ng pe value"
terkejut,ng pe pertahanan kuat skli ii
terkejut,waduh dik sepertinya memannggg
terkejut,Wehh ryant di yoyaaa
terkejut,Weee memang hayall skliii
terkejut,aid bkpa disana??
terkejut,iihh kt su lupa akun zoom p nma
terkejut,Mmpi sapa lgi
terkejut,We kode zoom ini apa e
terkejut,we jg lu bcht ta bchat pke laptop ni
terkejut,Bkpa kg dluar ssndri ade?
terkejut,Wehh ricma wehh
terkejut,Ngn inii
terkejut,"Ih massaAllah umisate baik, maaci umi saya sadar"
terkejut,Ampgg bsk tg dua bku bntg d lab jg lp bngn fruk
terkejut,Ya Allah ricma mlai lncg
terkejut,Wehh sbrg
terkejut,Aoo brni
terkejut,We aamiin tr
terkejut,We asli senior dn alumni yah kan?
terkejut,Ehh? Perasaan trd kgg ana ricma lgi menghayall
terkejut,Nga ksi tnang kt bgs skli smph
terkejut,Sbrgg pdhl trd tuh kapan nga lia wehh sbrgg
terkejut,Ampoog bhya
terkejut,He? Mngjr apa?
terkejut,We wahyu me tnya ng ni
terkejut,Bkpa lgii
terkejut,Asli dmi ap
terkejut,Haaa iyo?
terkejut,We ucu skli
terkejut,wee nuuuu
terkejut,Ampongg so smpe??
terkejut,weh tpi yg ini ta kepikiran skli
terkejut,"ampong pdhl ta iri di ngna rif, nga bisa se kompeten itu klo dpa kse pekerjaan"
terkejut,Bsa”nya ii ta iri di ngna tpi nga iri kmri di kt
terkejut,apa apaa
terkejut,"laki laki satu itu memang keren lagi, bisa memikat wanita stu ini"
terkejut,"ehh gokil rif, tpi klo di pikir pikir ngni dua cocok lagi ii"
terkejut,iyo wehh ta me shock ini
terkejut,Ampgg nga msh inga lgii nga peka skli
terkejut,sumpa tapi lucu skli ngni dua
terkejut,Ya Allah rif semoga berkah
terkejut,wwatashi tida bisa berkata kata
terkejut,"ya Allah, itu kng ta tau ta absen seklian"
terkejut,ini matakuliah apa ka
terkejut,"ta shock lia ngn p koleksi stiker, kadang western tb tb wakanda"
terkejut,"Me ini kan lomba antar fakultas tra sky, ya allah eee"
terkejut,Wee pernah dpa tugas gambar itu di cisco tra?
terkejut,Ya allah sky
terkejut,Hah mksdnya
terkejut,Tugas yng mna ni
terkejut,Ampgg brgiat skl mmg
terkejut,Cee astga oke keting
terkejut,Yaala iyo
terkejut,Sbrg sklii
terkejut,Ih ksiang smpe
terkejut,Kok iso
terkejut,Smpe mna njer
terkejut,"Nga dpa ijin bgni""?"
terkejut,Gila kapaa org sna blm tntu mauu
terkejut,Astogel mabo
terkejut,"wehh mrju ngaa bisa""nyaaa"
terkejut,Jogja p umr kacil bjir
terkejut,Ih batul
terkejut,Tapi gilee jelass
terkejut,Ehh? Slma ini sy pkr ab yg lgka trnyta b yah…
terkejut,Wehh novandi deng nu live
terkejut,Cumann dua???
terkejut,Iyo we dia btria ap ap tu ta kge skli kira dia bgra d kt yg s abs bgnti me blm pgi pdhl dia bcra sbrg eh
terkejut,Weee jg bgtu tra akak
terkejut,Wehh dapa
terkejut,bukan hitungannn?
terkejut,Kecamatan apa doniii
terkejut,Cuman
terkejut,Doni we tgs pnggnti mana? Jg btls ssndri resing
terkejut,wee ini malam dia galau skliii
terkejut,Apa ini ka
terkejut,We SPK maso UTS
terkejut,Hah masa s kmpul?
terkejut,Kg bkpa ini ismi blg ada tgs
terkejut,we teori informasi ada tugas?
terkejut,"Wee, dts su full ka?"
terkejut,Wee lnjt gis t
terkejut,Ampong p laju
terkejut,Ngna dmna lgi ini??
terkejut,Wee ad jrm pentul lbe?
terkejut,We msk mpl
terkejut,Kunci motor mana woyy
terkejut,we astgaa nga barani ee 
terkejut,"Yaholoo, rifqa balas chat ka"
terkejut,Iisss ma kng bgemnaa
terkejut,"Wii, absen pa asaf punya masi ada?"
terkejut,Jadi mpl tra maso ni?
terkejut,ya allah pak so mrah itu 
terkejut,Wee minta gis kah 
terkejut,Ampong teori tg so tr mso sdh
terkejut,Astagfirullah ceh iokah bre
terkejut,Pa yasir maso?
terkejut,Ampg t s otw d wnd
terkejut,Wahyu woyyy
terkejut,Woy nga blg dgrup bgt kg yg dtg smua t nga yg byr
terkejut,Smpe so arab singke tuh umi
terkejut,Aba krm apa ini
terkejut,Aba trh dmna? Bru m bbyr
terkejut,iyoo ta smpe manangis anjirr
terkejut,we guys mintol telpon atau kse tau gama k dia p tumblr tatinggal
terkejut,wee ta tra sadar
terkejut,Ampoong ee ng mo tunggu rapat abis bru mandi
terkejut,We rapat disblah mna?
terkejut,Weh ryant online cuman tra barani buka grup
terkejut,we me rifqah kg jdi rizqah
terkejut,Hamadan kk p wait ini mcam mo 1 abad k
terkejut,"heeee kt kra ng so baku iko dng risma pas risma me plng brng kt pe pkiran ni tra mngkin ng di kmps sdngkan yng lain smua so plng, pdhal ana so mau jdikan kmps sbgai rumah ke 2"
terkejut,Wehh sbrgg
terkejut,yallah ini ta putar smpe idul adha da niii
terkejut,Hee ta ttp asstnsi jam 5 dg lgsg kt gabutt
terkejut,Ampng kt me bingung msi blm sama dng pnduan di bgian mn kt so Lia tng pny kek slah di bgian mn nihhh
terkejut,wehhh
terkejut,Ampng sbar eee
terkejut,Hrus wrna kuning k?
terkejut,"Alllaaa Iyo ad kt bisa""nya lupa, yg jurnal tu"
terkejut,Ahh bgemna knk
terkejut,Rfqhhhhh Ng gila Skali smpahhhh
terkejut,"Ampg ismi palang"""
terkejut,Nga capat sklii
terkejut,Hmdan tafure dimna tu?
terkejut,"Astagaaaa dia undang satu, informatika "
terkejut,Ohhhh ad mkanan?
terkejut,Ngo blm slsai krja lgi?
terkejut,Ismi smpee
terkejut,"Bisa""nya ni anak"
terkejut,Berani Skali ni anak
terkejut,Asal frqh sja trda yg lain kt msi tra hbis pikir
terkejut,"Bisa""nya ana ini, berani Skali eee"
terkejut,Ih sapa ni
terkejut,hadoo dong healing dpa kawal dng ayang
terkejut,HEHHHHH SAPA???
terkejut,"rifqaaah woilaahh, spilll"
terkejut,Ahhh rfqhhhhh
terkejut,Ahh bgtuu cute
terkejut,IHHH TRA OBS
terkejut,Maeng pante e
terkejut,ada bnyk org itu wehhh bkg cmn tg 2
terkejut,Asli?
terkejut,Kek cma ngo 2 k
terkejut,asli weh tg satu circle
terkejut,Tra obs dgr
terkejut,Syok berat sih guehhh
terkejut,dong laju ngni
terkejut,Blm masoo?
terkejut,Astagaa
terkejut,Ampongg”
terkejut,Melebihi ambang batas
terkejut,Lmpu kamar mnyala p trg ituu
terkejut,sbrgg skli
terkejut,ampgg
terkejut,Tllu ngn ini jiwa psikopat bsr lgi ee
terkejut,Asli?
terkejut,Anjirrrr kt bcarita brang apa itu
terkejut,Ana niiii lain dari yg lain
terkejut,ampgg
terkejut,"Bisa""nya kt nasihat ngana soal percintaan"
terkejut,Ih
terkejut,Lucu skli woe
terkejut,Aduuh aduhh mrju in niat skli mmng
terkejut,Ih
terkejut,Tdr p fruk
terkejut,Trda wehh
terkejut,Aduhh”
terkejut,Aduhh
terkejut,Aduh”
terkejut,Spa tuh ade ayyy
terkejut,wehh
terkejut,ade ay sapaaa
terkejut,weh astga ngakakk
terkejut,"aduhhh ade ay dg kk"" aduhh"
,
,
,We di punya tu senjata bku perang deng
,Ini ni yg ambe bmbu kg adi kse abs mnuman sndri
,Bintang Pantura kapa ni
,Memang jdoh tak kemana
,Parampuan pe stok masi banyak ni.
,Slaber kita dng Handuk basa kaa
,Zamrud pe foto macam trda ka
,so tara sabar lia video ucul2 e
,tggu trg pe bos payahe plg di rmh dlu
,aid di kobong jng ganggu orng ada bagoreng pisang jng minya klpa bage ciom panta leher
,Topi sbla kanan saja
,We ng blg lagi tu
,"Nga dg maul da, tamba ambo"
,"Tambah mob gaga, aid basalto di atas pasar kota baru tr"
,Squad BumBum tamtam posisi?so mo dkt puasa ni
,Kita ni yg pake baju Koko pegang salawaku tu
,Yang pegang kipas angin sa
,Masih bnya pe kt ni bams
,Dia yg baju itam kg tulisan merah itu
,Ari tu smbyg ktrda kg pake takoa tu
,So bisa post k trda ni
,yaaa alaa drg mau edit dimuka pake informatika 16 yayo
,Dia kaning bgtu me hati malaikat
,Aii muka madai madai parmpuang eh
,Kecuali Bams p lisung pipi tra dapa Lia la
,ari pake baju koko dulu baru bkg video?
,kase senyum sdki la dapa lia tra
,kecuali laki² tr pake efek ig la
,Laki2 yg glowing cma ul sja
,Kecuali tra plng di rmh bgnti baju Koko dg pake Songko la
,Perempuan2 dg abis smbyg asli ktrda ni?
,pake acara kpla miring baru ekspresi mendukung stoo
,"Imux asli yg di balakang kameja kotak"" tuh"
,Video pling trkhir tu bhya
,"alhamdulillah, pake skincare apa tu?"
,Aid mangkali mo calon ketua himpunan k apa
,We gaya dudu² so tr steril tu
,Bae2 tulang bengko
,We itu mangkali chat geli² k apa tu
,Kage lagi mngji di skret situ kbwa
,Langsung 1 hari tra bmuncul di Ampera
,Prmpuan dong budo smua kpa e?
,Pkoknya harus bking mulu bgmn smpe lesung pipi tu dpa lia
,"Bantu k angktan,so coba bking tpi bingung"
,we ini dia pe ABCD sama dg yg kls lain pnya to?
,Klo sampe D tu brpa kolom kbwa e? 12 atau?
,trd yg dp nmr 27? Ka soal beda² setiap kls?
,Tausa ngn buka wa kg bking sudah dong pnya tu
,Qt puxa dy tikungan bxak tlalu taputar²
,Put ini setiap baris yg ad di soal ni bking 3 tabel kebenaran atw cman 1?
,nnti bru urutkan dari kurubg prtma sampe akhir
,"Cc ngna ni,trda ee"
,Btul ktrda itu Dy p arti
,Tg pe angktan ni tau bking bnya
,Cuma dong blm bngun laeng ni
,kt so kirim depe jwbn kg tgl tulis tausa tnya da
,Oo sorry qt tra Lia kg
,mksdnya jng sampe put slh bikin lagi timat
,Siap mkasih kk
,Bkin kya bgtu klo panjang kg mo kse singkat
,batas kmpl jam brp?
,kasiiaaang perjuangan skaliiii ul
,Kt scren kse maso di tg pe classroom lu
,Blm dpa bking stiker ngn
,Kan pak bisa lia wktu krim
,Alasan dapa lagi
,Iyo kalau yg di bawa yg 0 rupiah memang seng jadi tpi yg 10 rupiah tuh jadi
,"Cuma bsa akses aplikasi cloudx ini, klo buka yg lain pulsa tmakang"
,Bkan mksdnya tau anak IT jdi bkg smua d anak it smua
,"Pokoknya kalo paket kong tara ada dia p info Internet 4G atau Internet Flash itu, berarti hanya untuk penggunaan aplikasi tertentu saja"
,"Assalamualaikum, minta bantu kalo ada teman atau kenalan yg golongan darah A kase info.."
,Waalaikumussalam..seng ada boy
,Ngoni Tako korona sampe so tra datang datang ee
,Ngana tra masok web kng ngana bkypa tu dia
,orang lain boleh kita jng Iki hapus
,Ngana Tau tng B'tobo di mna kng??
,Wah antua minta dibwah 100.000
,Dia bilang tinggal bikin dpe voucher saja
,Instalasi jaringan tra semurah itu
,kas biar akan dia hubungi
,kas biar akan dia hubungi itu itu
,Bilang kalau torang ni me UMKM lgi..
,Okeh dah.. Berarti belum rejeki..
,Bae kase anggaran la tong buat dia pe topologi bae bae...supaya rute pengkabelan tra amburadul bgtu...
,klau ilng berti ana yg ambe
,"Kaka ijin, iki mo desain spanduk untuk socket buat pengiklanan"
,Mohon saran dan masukannya
,Liat di kampus masuk di gedung baru
,ece soket pe gedung bru sbla mana tu?
,Ana bataria woe tu basar skali
,Su lama tara baku dapa kong lupa suara to
,"We kaka kase baotot badan dulu, supaya pas wisuda tu pakaian dapa lia tabentuk"
,ada..pekerjaan terakhir..cuci gelas dll..
,Bersabarlah sebentar lagi udah cair kok
,Emang kopi kmarin s habis
,Buka jasa pembuatan skripsi trd?
,Tinggal bikin dpe skripsi saja to?
,Klo dpe sistem mungkin kaka sulung harus bantu
,"ii tan tr ppa. nnti baru lanjut ee. tan, makasih bnya ee"
,"Kak, Iki mo Kase pulang kunci"
,Nti dia bw ke kmpus..
,Klo lia muka pasti ngo kenal
,Iki klo mau ambil sendal nanti kerumah ambil kunci da
,"Kak, pak sekuriti nama Bambang minta kode yg kmarin kata"
,Iyo mksndya iki tdi handle dalam rangka apa? Torang ada bw materi bgtu?
,Iki kasana Kase pulang kunci ee?
,"Padahal Iki mau, dong kmari baru Iki arahkan ke pak Mubarak "
,Ruangan dosen sj masih kunci.. Tau bgini lanjut tidor tdi
,"Bilang, satria versi laeng"
,Ki.. Kk pe kepala cas putih yg ada lakban kertas ada di lab kah?
,Maksudnya Iki antar kepala cas di Kaka p rumah da?
,Cemumut eaaaa... Bilang brok bli nasgor rahma..
,Android disini hujan konk pasti s nae tidur kapa nih
,"Kas panas ceh.. Nti ana pura"" Ilang"
,"sabar ee... ada encok ni, blom ada tenaga buat bapikir koding\"
,"Brani pengadaan juga, kaligrafi me Iki bage"
,Kage so bukan lab... Jadi mushollah ulang
,Tinggal mo Kase bersih muka RPL supaya dpe jalur sesuai samua
,Klo bisa di bagian tempat sptu tu bersih memang.. Prestasi terbaik
,Bilang dia.. Nanti dia kase nilai dah.. Custom bgtu
,Mesjid disini tak seperti mesjid di Ternate.. Jauh ansssss
,Tong pe ruangan sebenrnya tu di pak mubarak
,Iyoo.. Barang so dapa gaji jadi...gaji sj dia pe ujung bulu katia blom dapa lia ni.
,Kong.. Ade ade bagaimana kbar.. Dong so sampe dimana progress praktikm?
,Gaga lagi.. Potong kelapa me daap
,"Baru pulang dari Tidore konk singgah di upi, dia kurang sehat konk"
,"Kase kunci luar di dia, nanti setelah pke bilang di kase k kasat"
,Okok.. Hbis isya kk kesana buka dia pe slot yg di dalam..ruang RPL
,Ada mahasiswa 20 cari ngana.. Kasih ospek dia sadiki dlu
,Sampai jam 16:30 kalau blom baku dapa deng ka iki.. Berarti di cancel
,Suru gendong Iki sampe di muka kampus dulu
,"Klo Kaka mau, Iki abis ospek baru Kase masuk"
,"Bismillah..
Kak, untuk asistensi kak guyana punya, yg kurang sebagai berikut.
Yg kurang"
,Bilang kedia untuk lengkapi semuanya baru bw kemari
,Iyoo.. Kain tu buat k sat.. Mukena nanti buat calon..
,Okok.. Kira tra di kmpus.. Barang hari ini kk blum ke kmpus kong
,Mau nya kk ACC deng asiatensi jilid bru dong mau bajilid
,Sebenarnya kk cuman mau kase nasehat terakhir Terkait masalah kemarin ke mereka.. Supaya mereka jgn seperti itu lgi...
,Ini yg mau Skorsing... Dekan me prank lgi
,"Bgtu dah, air susu di balas aer got"
,Perlu kase tunjuk screenshoot percakapan kapa e..
,Jang.. Dia so terlalu sibuk.. Jang dia gila..
,"Ki, klo di kmpus mintol foto absensi sistem terdistribusi punya pak mubarak dulu"
,Aoo.. Keknya aroma aroma ekonomi kapa ni
,santai... Baca yg bahasa Inggris tu...
,Antua bukan jaga warung... Dia haga tikus yg mau beli..
,Tpi klo susu itu orang lain punya.. Nanti kk ganti dah..
,Padahal dpe DPL me baru pertama kali jadi DPL
,Sistem  di lppm bawah so ancor... Dong so pamalas bapikir
,Tapi lucunya semua anggota tra mau pilih sosialisasi
,Batanam papan informasi juga jaga jarak... Bagali dia pe tiang juga jaga jarak..
,"Dia pe program bisa sj terealisasi,
Tpi dia pe jaga jarak tu tra akan terealisasi…"
,Alhamdulillh DPL tra tau kong
,"Buta"" Bgtu disuruh kerja.. Kan jadinya bingung juga dorang.. Mknya banyak dosen dong tra mau"
,Alhamdulillah.. Kong kapan penarikan?
,Ini rencana ada mo atur waktu par kase kabur Aer nih
,"Mo tes, satu hari tanpa koor dong bisa bikin apa"
,Rawan e.. Tra pi kase rame kelurahan bru
,Heee.. Ngo dua ba VN sana e...kek WA ni mo kirim pesan musti bacari dia pe root sistem sj...
,Huh.. Atasan me tra mo ambe pusing...
,Itu gaga tu.. Coba tes coba bikin ulang... Keknya manis
,"So tua deng...wee.. Kalo ente bgtu tu, ukhti"" Tertarik"
,Ki.. Kmrin yg pegang kunci tenis meja tu siapa e?
,Klo tra salah pak sekuriti juga pegang
,Skuriti so tra pernah kelihatan
,Setau Iki pintu paling ujung tra ada kunci
,Arahkan dorang fokus RPL dlu
,Pintu tenis meja sapa yg pegang
,"Kmrin kk pulang kmuka, trus mereka ada di dalam sama"" Anak kp.. Kk pikir anak kp sdh arahkan.."
,"Pakai lab sih tdk papa.. Yg penting hbis pake kembalikan kursi+ liat sampah""nya.."
,"Deng tanyakan lgi, 1 akun bisa digunakan berapa device.. Soalnya disini bru 1 device langsung error pas di masukan password nya"
,Kunci slot untuk masuk di lab RPL dan kunci pintu dari riset ke RPL?
,"Ki.. K sat nanti minta tolong e.. Iki deng sapa bgtu cek harga rak spatu yg besar, dimana bgtu.. Nanti kse tau dia pe harga deng foto e..."
,mau username apa untuk office nya?
,"username bebas tanpa spasi, "
,Heee... Di kk pe tas.. Tau siapa yg kse maso disini
,Ada Ade Ade 21 yg tra ada laptop dan mau pinjam lab kira kira pemakaian lab malam hari diijinkan?
,Ki..nanti ngana beli obeng laptop kya k sat punya e..
,De harga tra sampe sratus..
,Ki.. Klo ada angkatan 20 yg mau asistensi progstur ksih tau kk e
,"Ana ni tra masuk pertemuan kapa Kong tra tau hal... Asistensi cuman hari senin sampe jumat, jam 8 smpe jam 5 sore"
,Sat co tes tanya anak2 sat kmrn pas bkn kom ini ada dapa flash 64gb
,Kecuali kmarin Kase Kaka flash dari viki saja
,e.. Nanti kase bale 5000..barang doi 50 kong
,Ade Ade 021 mo pake lab Boleh?
,Ki.. Nti tolong bntu buka lab dulu e
,Ana mo risgn da.. Barenti jadi asisten..
,"Insya Allah, klo badan abis minum obat kong enakan Iki kasana di kampus"
,Tra ada.. Skit di tenggorokan sj kalau batuk...
,"Ijin dulu kapa, gargantang sake Deng mata saringan nih.."
,Tpi tra bisa klo k acil yg tangani kalau soal marketing...
,Ki.. Sbntr atau besok bgtu bw kertas A4 e.. Kk pe kertas A4 keknya sdh kadaluwarsa kapa.. Setiap printer ta ojo trus di printer ta.. Musti pke kertas yg bgus
,Kaka iki krm sekalian dah deng harga win
,Ada angkatan 21 yg komplen ente pe cara asistensi di pak mubarak
,tra lama ngana dapa kick tu
,Assalamualaikum in aplikasi yg dong bikin tu pake metode ahp ka f-ahp? Barang d skripsi dong tulis ahp sedangkan tuhari ko bilang f-ahp tu
,We kse brsih ikan lagi bru garam lemong
,Iyo to? Itu kan so smpe makasssar
,"Ce, itu cuman mo datang solat di situ sj, kong pulang"
,orang kaya mmg
,Klo dong mw bsk dtg wawancara jm 9 tr perlu bw surt lamaran
,Dtg lwt pintu dpn pake bebas rapi or hitam putih blg ktemu pak malik jng lupa pke masker
,"Tadi.. ya sprt biasa akan diserang pertanyaan2 juri yg kyk menjatuhkan apa yg tong so buat, tpi ttp hrus jwb sesuai prinsip apa yg tong buat itu bermanfaat dpe keunggulan2, trs Krn Dinda yg terlalu byk jwb jdi dpe juri blg kyk cm mbak Dinda yg jwb yg lain gmn, dong gugup kong tr bantu jwb tpi Alhamdulillah presentasi lancar, hanya di tny jwb yg agak tersendat"
,Tunggu ana minta di dorang
,"Rencana ente pe jadwal ni hari selasa muka sore2 di jam yg sama, 16.15"
,Foto setengah badan ka atau foto semua badan?
,Ada koreksi sadiki.. Ada salah input
,Ente bikin ana p skripsi
,jangan ngna basirabu nanti tra butul itu karja
,oh ok mantap dha kalau bgitu kan jadi gampang
,Sekarang tanpa orang dalam.. Cari Kerja susah kawan
,kita tra enak hati deng dia barang sujanji
,dia sura mester kita mangkali kita salah kaapa?
,Bawarna kaya deng iphone
,"Kalo x3 kmrin ana lia ada, tapi ana tes tanya yg f3 ada ka tarada dong bilang yg f3 blm rilis, yang ada hanya f2"
,Kayanya yg f2 pro itu untuk game ultra deng kamera bagus ka apa
,"Huawei p HP me tara kalah, ana kemarin ada tanya yg huawei p30 ultra yg harga amper sama deng m3, me dong bilang tara ada"
,Dong klo so berani kasih masuk CV tu berarti tandanya so siap nikah... So banyak ikhwan dari luar Ternate yg borong akhwat dari Ternate.. Tra lama tong tra kebagian akhwat yg bacadar ni
,"Setidaknya ane kase siap 1 rumah dulu sebelum nikah, rumah yg kacil me tara apa yg penting bisa tinggal, ini ana ada bakumpul doi ni,"
,Rumah kecil me tara apa.. Ehem minimal 100 jt
,"Yots, hajar, supaya lebih tenang kalo tinggal dirumah sandiru"
,So bisa kas tausiha wanita yg nga antar tu kapa e
,La bisa bikin video la upload di insta deng yutub
,"Ana lebe prefer mi10t pro p fungsi kamera, hp itu kaya deng tong pegang kamera DSLR"
,"Tara bisa beso, kan tinggal kumpul di TU saja to?"
,"Santai, ana inga itu, nnti baku dapa baru kase p ente tara"
,AI ni..tra lama ana bikin presiden berbasis AI ni..biar trda yg kendalikan..
,bagimana Kong so bakoding lgi ni
,"Ana tara tau, makanya ana pancing tara, disaat hujan bgini  ni pas skali"
,kira me so tertarik deng programming..
,Tapi itu dia p tes blm pasti di Jan 23
,masya Allah... amir yg ka des pe adek ni to?
,kurang tau lagi..soalnya ana ada agenda juga..cuman nanti liat dah..
,Naam tan..iyo..tra papa..nanti kondisikan sj..
,"Tandai nurul mari, di group tu"
,Sp japri ngana suruh bikin video?
,Ngana hbis itu kita..
,Kal.. Sbntr nga pi deng siapa?
,"Ouh, hbis kajian ana singgah di STM.. Pulang bale sama"" Deng ngna boleh?"
,ceh tra sama skli kk
,Oke lah.. Tnkyu.. Nga bw dogi?
,"Adik,.. Sbntr bisa pigi sama""?"
,yah akan ana2 sapa yg lia tu dia
,Dong saja babadiam di group
,Coba.. Ana lia.. Brani trda
,We kal.. Yg kenaikan tingkat ni yg dari dojo UGM mereka pe proses nik nanti bgimana tu dia?
,Wala..rawan e..coba tanya dorang pe nik dlu la torang cari..
,Kmrin dorang so bayar?
,"Ana ada buka"" Simperkemi kong kage kepikiran yg dari UGM yg dua orang ni.."
,Ouh.. Syukur dah.. Ana pikir dong punya blom di proses...
,Yg Aa tu dia pe nama panjang siapa dah?
,Dong lebih senior ternyata
,yots kalau lulu tu angkatan 11 kalau aa tu 15
,kalau sbuk tu tong tnya di senpai mus biasa dong pasan tu harga2 brpa sja bru tong dua bicarakan
,Blom ni.. Besok tong pigi rektorat mari.. Hbis dhuhur
,so tara perlu bayar uang semester mungkin
,blm tau ni brng mo pigi kmpus dg k dany ni
,Supaya tong satu kli singgah di tampa latihan
,Kal sdiki magrib ana merapat ke rumah e klo ada motor
,nnti tlpn ee atau ente lngsung ke k dany brng lapas magrib ana ad antr ana ade rabu2 kg
,"Yg penting sdh pernah latihan, walau cuman skli.. "
,kong dia pe chat selanjutnya tu bgmana??? Macam penasaran ka
,Tra pernah nampak bru mengharapkan nilai A tu.. Cerdas lagi
,kk sat ana liat ente pe skripsi k
,nnti adik kirim pe kk adik pe judul proposal la kk lia dulu ee seblum adik usulan ke pak abi
,minta bntu liat dulu kk
,itu lgi ana me bingung tpi sebenarnya adik mo taru judul tata kelolah cuma ana kira judul yg ana kas buat tu so mencakup deng tata kelola kk
,ana coba saja pake cobit 5 sapa tau bisa
,soalnya ana dari tdi cari perbandingan tu trada
,pak hairil pe nama asli dg titel dolo kk
,kalau sabntr ad waktu tong rapat dulu
,"Sdiki langsung gas, klo so di sana.. Foto pa kita e"
,oh ana gas sdiri kbawa?
,Klo latihan singgah boleh.?
,yah ana so di ukm dri tdi kk
,brng seklian antr tomg pe kk kg
,ente tara dtng latihan?
,cuma ana deng kris ni
,Tong merasa putus asa kah
,dtng la tong bljar embu tra
,Hadoh..mood so ancor panggal panggall...
,jng lupa mkn kk
,wee ana punya dapa suru ganti jng pake cobit lgi krna so banya yg pake cobit
,Iyo.. Cri dah framework yg cocok deng nga pe studi kasus
,Okok.. Ana tra bgtu paham deng itu jadi.. Pelajari dah
,walah bru cobit dong so tara tarima
,"Sdh, bissmillah dah la pelajari, ITIL hampir sama dengan COBIT, ngana pelajari dia pe framework tu... iTIL juga masih baru.. Blom ada di info yg pke itu.."
,Deng yg penting target tujuan harus jelas
,Keknya musti minta tolong sp mus kapa ni
,nnti ana buat di samping kk la kk pantau tra
,untuk skrng2 pura2 blm dewasa dulu dh
,Ana mo beli tiket dlu e...
,walah bgimna kg so bali tiket tu
,bali tiket tu nnti sama2 dg adik dh pas adik so seles wisuda supya adik bronda kasana di kk pe kmpung tra
,doh.. So terlanjur beli ni...nanti dah e...ana tunggu info klo so wisuda
,hadoh pura2 tra tau d
,wee kk kalau puasa kli ini kg ad libur kk mau ikut adik pigi di bacan tra? seklian kk jln2 di adik pe kampung tra
,Nga pe judul apa da?
,Kage lgi... Dosen bapikir nga buat virtual class bru
,itu lngsung doti pe dorang
,kase kuat di batasan deng tujuan tu..
,siap kk laksanakan
,Bilang saja analisa sistem informasi yg telah ada..
,Panggilan pe banyaaaaa
,siap kk tpi kayanya pe firasat mengatakan
,tunggu ujan brenti bru ana gas kampus brng di sini so ujan
,kg so gas kmpus bawa?
,Sdiki siang adik... Tra kamari?
,Kal.. Bw cas yg ngana dpa kmrin tu.. Itu ketua punya
,"Gas dah.. Ana desain stiker rabu"".. Buat pasang di pintu"
,makanan ad tpi dia bilng agak sorean gtu
,Adoh. Sore rasa so laeng daaaa
,Masih ada tu.. Tau masih enak atau tdk
,Coba pke baju ukm dlu la bafoto
,macm petugas Antar Aja kah
,besk pinjam flas k ee mo b instal pak saiful pe.laptop
,So tra bisa keluar masuk sekarang.. Dosen so ambil tempat
,wah jadi di lab so tra bisa gunakan lgi?
,Yg tra bisa maso
,Klo so kase.. Kmri dah.. La bikin sama sama.. Barang amar mo bikin dia punya lgi kong
,sbntr adik ke rumah pake kk pe laptop biking tugas mobile k ee
,Ce ngana jalan jalan sudah.. Kemareng di pantai apa daa?
,Hbis isya tong bikin di lab da
,Palingan iki juga ada buat tu
,kk mo pake laptop hari ini?
,Kmri susun nga pe KP ni.. La jilid sdh
,sip kk cuma masi tunggu mtr ni kk
,Latihan pangge pangge ka adik
,"Iyo, klo boleh singgah tra, la ana latihan lgi"
,Dari pada ngana batunggu lama..
,hari sabtu sore dg minggu sore sabtu sore di fkip minggu sore di ukm
,Sdiki lgi kapa.. Ada install app di tetangga pe laptop ni
,Dia pe hasil dapa terimakasih e sat
,klau so di kampus bakabar ee
,okei mandi dulu bru abis b cuci pakean ni
,situasi di situ aer jatong dri langit k seng?
,Jatong.. Cuman keran kayaknya tdk terlalu losss..
,"Trda, tambah parah, 1 hari foll tra bisa tdr.. Badan sakit samua"
,Ouh. Iyoo.. Ngana tong bwa laptop di bappeda dulu
,ente yg bw kesana sdh
,Dia pe battry so mau hbis tu
,Oke.. Mantap.. Ana tunggu respon dari bu sari dlu.. Klo dia so respon.. Baru ente gajian...
,hui kk gaji so bisa ambe?
,Sbntr klo ada waktu ambil doi e
,Tdi sebenarnya di rumah.. Cuman yg datang ada 3 kelompok jdi mknya ana arahkan di kmpus..
,ana pake laptop biking uas adroid dulu kk
,wee kt so blank kapala so pusing
,io tdi plng ana so coba2 smpe ini blm2 bisa ni
,Kmri.. Nti ana pantau.. Ente yg bikin
,kk minta banru kirim file kodingn yg tdi mlm k soalnya mau uplude di vc kg kk
,Nga tra pernah ajak kmri bru
,Heleh.. Ana me 5 taong tinggal di tte bru pertama kli maso kamari
,"Iyoo.. Bacan silang di tenga"" Laooo"
,Pangge pangge klo mau latihan
,kokur dekt bgini ni ana tra akan trun kas latih
,Kalau UKM model lama itu bisa di akui
,UKM model sekarang ini ni yg stuck
,Ceh.. Plingan nti ngana dapa pangge
,Gantung baju UKM sj.. Jang kempo...
,gantong baju UKM di tiang bendera e..
,Coba klo berani...kong story.. Semoga sp jun lia..
,Singgungan ke siapa tu dia
,Coba ngana inga daftar hadir yg di mksdkan tu yg bgmana?
,ana me pusing daftr hadir apa?
,io ana me bingung daftr hadir ap tu dia
,Daftar hadir kokur kapa kapa kong...
,Kan status antua tu pembina
,yots antua pembina
,oke2 klau ini mlm bisa berti besok aja kk
,mkstnya klau ini mlm blm bisa gitu
,besk bru ana kasana dh ee brng mtr tmn ada pake kg
,Kapan mo bainstal
,Wee.. Pembukuan KP sdh.. Jang nilai kaluar
,Jilid sdh la ana foto di ka jnb... Yg so kumpul laporan..
,Wee.. Ecep.. Pak munazat tunggu tu.. Mau input nilai.. Ana so bilang di k JNB...
,io tpi sdiki klau ujan so reda ana ksana pinjam kunci ee
,mo ambe la pembukuan klau tempt foto copy masi buka
,besok mlm bru ana bali tran bulan baru antr ee brng masi di gambesi ni
,itu berti tandanya beliau so kase lampu hijau untuk kasi masuk ose
,Semoga kase maso tidak ada tujuan lain
,trada ee cu beliua so kas jadi admin tu berti lampu hijau
,Tra lama akan so bahas kokur sdh
,biking diri buta dg talinga pongo saja klau dong bhs
,tap ee so baku gara dg senpai mus e
,Tong so konco so lama.. Cuman ente sj yg tra tau..
,"Besok ana ada iko tes TOFL di kmpus gambesi jam 12, nga bisa antar?"
,oh ok seklian besok ana mo kbawa di kmpus lgi kg
,Ouh oke.. Nti tong solat disana da e.. Barang mulai jam 13:00 sampe 16:00
,okei2 bru ana tgunggu smpe jam 4?
,Terserah ngana.. Kalau mau pulang kamuka ya silahkan.. Nanti ana gas deng ojek
,liat sikon besok klau bisa tunggu berti tunggu
,Mana mana sj adik.. Klo tunggu me gaga lagi
,Besok ada sidang tu.. Sapa tau ada pak salkin
,kk adik antr motor di kk la kk pake kbawa dh brng adik ada kerja sdiiki di rumh ni
,"Ana bw motor pi kajian e, selesai hbis isya, klo ente mau pke motor nanti ana antar kerumah"
,bangka skli tu mau buang aer saja susah
,Iyooo.. Kas maso di aer masing.. Sembuh tu..
,alhamdulllilah se agak mendingan walaupun masi sakit dg luka blm kering
,io ni muda mduhan hri jumat so bisa gas kampus la b asistensi
,luka satu ni tong tra bisa kluar kmr ee cuma stay di kmr trus ni
,"Nga musti bw tongkat boleh.. Masuk lab deng tongkat"" Bgtu.. Itu pak salkin so tra pke periksa.. Langsung ACC"
,kursi roda dh supya tra usa pake nae
,"Ka jalan pincang"" Bgtu kah"
,tetp pasti jln2 pincang itu suda
,Kaka kena mental dari adik ni cerita nya
,mkstnya bantu kas ajar cara nae tra
,Arahkan dong dua sdh..
,pake yg ini dh kas bae2 suda tong sesepu2 dong respon tu lama
,Ouh.. Itu sdh kapa.. Ana cek kira ada pengumuman dong tempel di papan pengumuman
,Sangat... Install linux.. Belom lgi yg di lab jak punya...
,la kalau ujan so reda baru adik kasana bantu
,Dari pagi kong... Kalau ada flash lebe tu bw lgi...
,Jaga jga maeng ke kmpus la nga pe urusan cepat selesai
,kk besok mo dtng melatih tra?
,Kempo utk jurusan info so Punah
,io ee penerus so punah
,We kal..ana ada saran buat pemasukan UKM...
,besok tong bicara kg afni dg dandi bru tong sampaikan ke sp mus
,"Soalnya kmrin Sp mus ada minta tong pe ttd untuk sertifikat, tra tau dia mau kasih ke siapa..."
,Nanti tinggal minta de pe desain di Sp...
,Deng palingan yg tanda tangan tong 2...
,asiap klau bukn tong dua berti afni brng dia so ketua ukm tu
,Kan modul+sertifikat tu boleh lgi...
,dapa doi lngsung buka sadiki biking acara
,Kira kira -+ 100 oranglah
,Sengaja itong supaya kase semangat tra
,tpi asli klau 7 jt tu ujian sabuk itam aman dh
,Ujian langsung di Jepang cek
,ce mo kas kbar sdiki ni tong prtemuan dg ana2 kokur tu di ukm
,lebih bgus supya antua yg urus sndiri
,Iyo..nanti pelatih suruh bikin video
,Olee.. Ana buang aer besar dlu
,bls santai kg ait kira ana ana mesin jadi ait chat tu
,yots senior tpi tra tau angktn brpa
,Ouh...berarti nanti cari dia di jati dah
,"Bilang, nga alumni "
,"Kase kihong ulang ulang,.."
,ana mesin yg angktn bru lngsung bdiam di grup
,Musti liat di absensi itu...
,"Dia tra tau sj,.. Dia pikir ente mesin 21 kapa kong.. Makanya dia mau suruh ente datang di sekret la dapa ojo"
,tadi kg ana bilng ana prodi mesin dh ii
,Kalau hasil masih riki...
,Ente palingan riki maret muka...
,Tpi tergantung.. Klo ente bisa cepat.. Desember bisa
,itu dapa riki desember?
,"Jaga"" Bikin di lab sini la cepat selesai"
,oh okelah tpi tes dulu sapa tau bisa
,We adik.. Nga pe laptop masih pake trda..?
,Klo trada mari ana beli nga pe laptop dah..
,Makanya.. Jang talalu batobo di rumah trus
,"Kong ana bilang, kong kk jaga bale bale kokur?"
,"Kong dia bilang.. Ce.. Trada, nanti dong pe angkatan yg hendle nilai kata"
,pokonya dapa dia pe orng kas tnda nama
,dia itu kas error bilng dandi jng bantu2
,tpi tong dua cari yg tlpn nte tu
,Musti liat absensi boleh
,blm ada kk tpi ana so suru dia cek di prodi besok
,Dia bilang blom ada?
,siap kk paitua so ad? soalnya tadi ane ke kampus paitua trda
,kalau gitu besok dh soalnya ad barmeang proposal ni
,Iyoo.. Besok sj... Tapi pagi... Jang datang jam 12
,Kal.. Paitua ada buka ni
,Dtng tempo da
,Kal.. Besok klo mo latihan.. Singgah e.. Ana off besok
,itu so pasti ana singga
,kk sat ana agak terlmbt brng ana ad pigi di kubur kg
,bntu hendel dulu ee kk
,dia so ada yang boking
,ana ada batelpon deng mace ni
,ait pe wa tra aktif ni kk
,ana plsa tlpn me so abis kg
,ana itu me bole lgi
,Kirim di group utama keknya gaga nih
,kk bntu kirim kk pe laporan proyektik dulu kk
,So kse mati laptop kong..
,"We adik...ana ada kontak angkatan 21, dia ada kerja di jasa printing pakaian, kalau mau nanti tong bacarita deng dia la tong bahas kebutuhan dll deng dia..."
,Bagus dah.. Supaya tong samua sadar diri
,Yooo... Lnjut belanja daaa... Jang fokus HP lgi... Kage lgi talucur...
,kg ana itu so kasana k blm?
,So sampe ni.. Kunci UKM siapa yg pegang?
,"Sekarang peminatnya sdh menurut drastis karena tdk ada promosi, sejak saya berhenti wadek 3, kokurikuler terbuka umum tidak lagi wajib kempo jadi siapa yg aktif promosi dan mudah di akses oleh prodi maka akan di senangi"
,mo biking bgimna lagi coba? ini kan bicara masalh minat dan bicara masalh persaingan
,ini so kas tamba dg absen lagi tu huh
,kg antua itu komen bgimna tu?
,Trda e.. Antua badiam..ente tarada mo..
,tap ee prestasi tong kuliah lama
,bilng pe senpai mus so dia pe saat kempo unkhair tewas
,Oke ana teruskn ni..
,Mental sosmed ni bgini dah..
,Ente ni tra tau antua pe perjuangan ka pura pura tutup mata ni
,"Dihhhh, berasa paling sempurna"
,Ngn mmng tlalu golojo p hal
,Habibi colek satu dlo
,ngn yg stres
,Hadehhhhh mabo e
,kikaaa kmrin kikaa dong jdi pnitia pemilu GenBI tu sleksi brp kli?
,Pmls hihh ketinggian bgt
,Orng bcra jujur kg
,sari setang ta kage
,We ta pru ski dluan in
,Biarda aul trbole paksa jng dong bkulae
,Aul ad mknn?
,"Ta su masa nasi, awas nga tra dtng ee sky"
,Kadang geer berlebihan tida baik
,Tapi sedikit geer itu perlu
,ngn tlalu pesimis
,Rifqah cowo arab 1 dlu
,tggu ta cri ee lah nga ambe 1 dh nnti ta cri ta pnya yg bkg arab
,Ada yg tau kse msng proposal taaruf dimana?
,bgni d ay nga cri laki tiap daerah 1 sdh lah aman
,D lb ad spa”?
,Sama” umi
,Rfqh kmu di mn?
,Hrus sat set sat set dang
,Kt tdi rencana hbis mndi Bru mau chat cman kduluan ngana so tlfon
,Kt snggah di kmps pnjm satu laporan kp dlo spaya jdi patokan ee Bru kt ksana di ngana
,Ismi besok jng lpa dtg ta p acara jam 1 di tafure
,Ng dg nurul atau dg nga kk k
,Yg di bndara?
,Mintol blg ricma jg undang tllu bnyk org di ta p acara
,Ta trniat undg ana” yg laeng
,ta baketik kg
,Ada dongg tpi tr undg smuaa
,Kt bwa kluarga bisa?
,Smuaa lah maso minta sekalian
,Smua ismi nnti ta cri calon
,Iyo cri kt pe calon dlo
,Iyo ee tggu” sdh klo ada yg chat ngn brrti itu dah
,Tra bgitu juga Mksdnya nga jng obral kt pe no di sbrng orng tra
,"Kt ad izin plng, biasa ambe kriman sbelum kapal bjalang di Jailolo tlama kt brenang ksana ni"
,Trd foya sja tggu ta seleksi nga p calon dlu
,Tausah ble ismi lgsg plg kosan tggl nurul dg ricma cri akal
,Nga meragukan kt
,kating nih keliatannya
,Nga drmna kg lala skli kodong
,Cisss tlama ta Tumbu ni
,Ngana ni hrus pke kekerasan
,"Iya klo Ng mrah kan dia tra tau apa"", krna orng yg ksi dia hadiah tra mngkin dia tolak dengan keadaan ad orng"" di lab"
,Kse aamiin sja ade ay
,Nnti kk bntu berdoa sprtiga mlm
,Iy titip e tg trtau smbyg tahajud
,Tenang nnti kk bntu doa”
,Itu nnti msti dpa kse ajar dg imam rumah tgga lgsg
,Ih we kaka rifqahhhh
,Kan benar dpe kenyataan tr ade ay
,Ade ayy klo pgi capacity building nnti boleh sma” ade ay?
,Ih boleh skli syg
,Aduhh org live location tg trbsa blok
,Brg trd tumpangan ade ay
,Dri tidore say
,Ih jg kt lap ngna
,Ampgg itu love language physical attack kpa
,Brrti dia mo kmri di tte? Waduh” pas malming nih
,So tte syg
,Waduhh
